taz,sum,max,min,mean,std,25p,50p,75p
1,102.65,2.0,0.0,0.61,0.43,0.25,0.5,1.0
2,272.35,6.25,0.0,1.62,1.01,0.8,1.5,2.21
3,150.6,3.5,0.0,0.9,0.69,0.4,0.8,1.25
4,693.5,12.5,0.6,4.13,2.3,2.4,3.68,5.25
5,87.75,2.0,0.0,0.52,0.44,0.2,0.45,0.75
6,228.4,5.25,0.0,1.36,0.87,0.75,1.25,1.8
7,60.85,1.6,0.0,0.36,0.35,0.0,0.25,0.5
8,135.65,2.75,0.0,0.81,0.61,0.4,0.75,1.2
9,499.9,8.2,0.2,2.98,1.52,2.0,2.8,3.75
10,808.4,13.5,0.25,4.81,2.83,2.75,4.25,6.75
11,128.5,2.5,0.0,0.76,0.54,0.36,0.75,1.0
12,113.95,2.5,0.0,0.68,0.55,0.25,0.5,1.0
13,272.0,4.5,0.0,1.62,1.03,0.8,1.45,2.29
14,297.2,5.5,0.0,1.77,1.06,1.0,1.55,2.5
15,271.65,4.75,0.0,1.62,1.05,0.79,1.5,2.29
16,1090.75,19.0,0.4,6.49,3.89,3.6,5.75,8.29
17,206.3,3.4,0.0,1.23,0.72,0.75,1.2,1.75
18,215.0,3.8,0.0,1.28,0.82,0.6,1.25,1.76
19,486.9,8.25,0.25,2.9,1.96,1.48,2.25,4.0
20,401.4,7.25,0.0,2.39,1.52,1.25,2.2,3.25
21,304.45,4.75,0.0,1.81,0.98,1.0,1.8,2.5
22,402.4,7.25,0.0,2.4,1.38,1.25,2.33,3.25
23,169.4,3.0,0.0,1.01,0.76,0.4,0.9,1.5
24,772.45,12.0,0.4,4.6,2.54,2.6,4.4,6.0
25,305.3,7.0,0.0,1.82,1.2,1.0,1.6,2.42
26,123.15,3.25,0.0,0.73,0.62,0.25,0.6,1.0
27,435.4,8.25,0.0,2.59,1.5,1.6,2.4,3.29
28,772.35,15.0,0.5,4.6,2.86,2.48,4.0,6.0
29,319.35,8.5,0.0,1.9,1.47,0.75,1.5,2.76
30,92.75,2.0,0.0,0.55,0.47,0.2,0.5,0.85
31,319.05,6.75,0.2,1.9,1.2,1.0,1.68,2.5
32,1032.5,17.25,0.0,6.15,3.68,3.4,5.32,8.75
33,235.15,4.8,0.0,1.4,0.94,0.6,1.2,2.0
34,654.95,11.25,0.2,3.9,2.41,2.0,3.25,5.85
35,307.8,5.75,0.0,1.83,1.25,0.8,1.6,2.52
36,108.8,2.5,0.0,0.65,0.55,0.25,0.6,1.0
37,439.75,7.0,0.0,2.62,1.62,1.25,2.25,3.75
38,465.65,7.0,0.0,2.77,1.54,1.58,2.6,3.75
39,308.45,6.0,0.0,1.84,1.3,0.75,1.5,2.76
40,225.05,5.0,0.0,1.34,0.98,0.5,1.2,2.0
41,230.7,4.75,0.0,1.37,1.16,0.4,1.0,2.0
42,275.1,5.0,0.0,1.64,0.97,0.8,1.5,2.0
43,776.35,13.5,0.25,4.62,2.56,2.71,4.25,6.43
44,965.15,12.75,0.75,5.74,3.06,3.36,5.4,8.05
45,631.0,9.5,0.0,3.76,2.0,2.24,3.55,4.8
46,1431.25,36.25,0.8,8.52,5.98,5.57,8.0,10.0
47,418.35,8.75,0.0,2.49,1.69,1.2,2.25,3.6
48,773.1,11.75,0.2,4.6,2.66,2.58,4.22,6.52
49,458.95,8.75,0.0,2.73,1.84,1.24,2.5,4.0
50,718.4,11.0,0.25,4.28,2.52,2.0,3.8,6.0
51,294.75,5.0,0.0,1.75,1.19,0.75,1.5,2.52
52,953.8,14.75,0.4,5.68,3.06,3.4,5.5,7.6
53,1091.2,15.25,0.6,6.5,3.51,3.79,6.0,9.0
54,522.2,8.0,0.0,3.11,1.75,2.0,3.0,4.05
55,235.45,4.8,0.0,1.4,0.97,0.75,1.25,1.85
56,483.35,10.25,0.0,2.88,1.8,1.5,2.68,4.0
57,672.75,9.5,0.75,4.0,1.79,2.8,3.8,5.05
58,706.05,14.75,0.0,4.2,2.94,1.75,3.55,6.29
59,469.85,8.5,0.0,2.8,1.67,1.5,2.68,4.0
60,164.6,4.0,0.0,0.98,0.83,0.4,0.75,1.5
61,313.7,6.25,0.0,1.87,1.39,0.8,1.5,2.64
62,451.05,7.5,0.0,2.68,1.62,1.58,2.4,3.85
63,206.45,3.75,0.0,1.23,0.8,0.6,1.25,1.75
64,188.9,3.6,0.0,1.12,0.79,0.5,1.0,1.5
65,1679.55,46.25,1.0,10.0,7.53,4.5,8.68,12.21
66,424.05,9.25,0.0,2.52,1.77,1.25,2.25,3.52
67,181.25,3.0,0.0,1.08,0.72,0.5,1.0,1.5
68,152.2,3.75,0.0,0.91,0.7,0.25,0.75,1.25
69,485.85,9.25,0.0,2.89,1.94,1.48,2.5,4.0
70,232.1,5.25,0.0,1.38,1.05,0.5,1.2,2.0
71,454.0,8.75,0.0,2.7,1.93,1.25,2.25,4.0
72,590.4,14.0,0.0,3.51,2.48,1.58,3.0,5.0
73,333.55,7.0,0.0,1.99,1.4,1.0,1.78,2.75
74,245.15,4.0,0.0,1.46,1.03,0.6,1.25,2.05
75,376.45,6.5,0.0,2.24,1.38,1.15,2.1,3.21
76,246.6,4.0,0.0,1.47,1.0,0.6,1.25,2.2
77,1123.9,16.0,1.4,6.69,3.13,4.25,6.55,8.5
78,1098.8,22.0,0.4,6.54,4.16,3.69,6.2,8.6
79,2016.4,30.0,1.4,12.0,5.91,7.36,12.1,16.0
80,925.45,14.5,0.6,5.51,2.89,3.4,5.0,7.5
81,303.5,6.5,0.0,1.81,1.22,1.0,1.6,2.52
82,299.25,6.2,0.0,1.78,1.32,0.75,1.5,2.52
83,655.5,12.0,0.0,3.9,2.38,1.95,4.0,5.43
84,164.7,3.2,0.0,0.98,0.76,0.4,0.8,1.5
85,307.95,16.5,0.0,1.83,2.06,0.79,1.25,2.2
86,368.85,6.0,0.0,2.2,1.28,1.25,2.1,3.0
87,1099.9,15.5,0.2,6.55,3.67,3.58,6.25,9.0
88,999.85,18.5,0.0,5.95,4.37,2.24,4.75,8.86
89,495.95,8.75,0.2,2.95,1.8,1.6,2.6,4.25
90,520.1,9.75,0.0,3.1,2.39,1.2,2.5,4.76
91,221.35,5.25,0.0,1.32,1.13,0.4,1.0,2.0
92,1315.8,21.25,0.8,7.83,3.68,4.95,7.32,10.6
93,188.55,5.0,0.0,1.12,0.92,0.5,1.0,1.5
94,358.0,7.0,0.0,2.13,1.61,0.75,1.8,3.05
95,479.05,11.0,0.0,2.85,2.24,1.24,2.25,3.8
96,381.1,8.0,0.0,2.27,1.8,0.8,1.78,3.5
97,329.05,6.75,0.0,1.96,1.49,0.8,1.5,3.0
98,483.1,8.8,0.0,2.88,2.3,0.95,2.2,4.5
99,487.55,7.25,0.0,2.9,1.58,1.75,2.75,4.0
100,285.2,5.75,0.0,1.7,1.37,0.75,1.25,2.4
101,908.4,16.75,0.0,5.41,3.85,2.2,4.55,8.05
102,601.0,12.5,0.0,3.58,2.59,1.4,3.0,5.52
103,304.0,6.75,0.0,1.81,1.5,0.6,1.5,2.75
104,948.1,18.2,0.2,5.64,3.59,2.71,5.25,7.75
105,349.35,7.5,0.0,2.08,1.73,0.75,1.6,3.0
106,258.1,5.0,0.0,1.54,1.07,0.71,1.45,2.2
107,790.85,17.75,0.2,4.71,3.43,1.8,3.78,7.25
108,1459.55,26.25,0.75,8.69,5.63,4.35,7.6,11.52
109,989.25,25.5,0.0,5.89,4.65,2.48,5.0,8.21
110,238.15,5.75,0.0,1.42,1.07,0.6,1.2,2.0
111,313.45,6.25,0.0,1.87,1.34,0.8,1.5,2.64
112,387.35,7.75,0.0,2.31,1.61,1.0,2.0,3.4
113,629.0,13.25,0.0,3.74,2.94,1.25,3.22,5.5
114,319.55,7.5,0.0,1.9,1.75,0.57,1.25,3.2
115,728.75,13.0,0.0,4.34,2.88,2.24,3.88,6.05
116,373.15,10.25,0.0,2.22,2.26,0.5,1.25,4.0
117,504.55,7.75,0.25,3.0,1.67,1.75,3.0,4.21
118,153.8,5.5,0.0,0.92,1.0,0.2,0.75,1.25
119,1180.4,26.0,0.0,7.03,5.5,2.6,5.8,10.64
120,600.0,13.25,0.0,3.57,2.97,1.0,3.0,5.21
121,247.65,6.25,0.0,1.47,1.03,0.75,1.2,2.2
122,453.7,8.0,0.0,2.7,1.66,1.4,2.5,3.8
123,725.5,13.25,0.0,4.32,2.99,2.0,4.0,6.43
124,2559.55,56.25,0.4,15.24,12.79,6.69,11.5,21.85
125,1149.25,20.25,0.0,6.84,5.27,2.5,6.0,11.05
126,862.3,15.5,0.2,5.13,3.83,2.0,4.0,8.29
127,1293.5,22.5,0.2,7.7,5.44,3.36,7.0,11.56
128,1482.55,22.0,0.2,8.82,5.36,5.0,7.78,12.56
129,907.3,17.0,0.0,5.4,3.89,2.25,4.75,7.25
130,1121.85,19.25,0.5,6.68,4.15,3.44,6.0,8.56
131,209.6,6.5,0.0,1.25,1.17,0.4,1.0,1.8
132,273.3,5.25,0.0,1.63,1.13,0.75,1.25,2.5
133,762.65,10.75,0.2,4.54,2.65,2.36,4.0,6.52
134,1035.4,16.8,0.2,6.16,3.52,3.4,5.75,8.29
135,1682.75,26.5,0.6,10.02,5.21,6.3,9.5,13.2
136,572.75,11.75,0.0,3.41,2.34,1.6,2.75,4.75
137,1063.15,21.5,0.0,6.33,5.15,2.25,4.75,9.52
138,1393.55,24.25,0.0,8.29,5.63,3.6,7.32,11.76
139,1123.65,21.25,0.0,6.69,5.11,2.6,5.32,10.05
140,1436.9,25.25,0.2,8.55,6.57,3.35,6.78,12.5
141,1158.35,20.5,0.2,6.89,4.49,3.55,6.0,9.81
142,975.0,17.25,0.0,5.8,4.75,2.0,4.25,8.65
143,878.0,16.5,0.0,5.23,4.24,1.75,4.1,8.05
144,1301.15,24.0,0.0,7.74,5.61,2.71,6.7,12.0
145,333.05,7.2,0.0,1.98,1.64,0.71,1.5,3.0
146,1395.8,23.75,0.2,8.31,5.44,4.0,7.0,12.0
147,950.1,17.0,0.2,5.66,4.1,2.25,4.78,8.75
148,1431.25,21.0,0.6,8.52,4.58,5.51,8.0,11.52
149,841.75,12.75,0.0,5.01,3.28,2.2,4.62,7.06
150,1025.75,17.0,0.2,6.11,3.86,2.8,6.0,8.29
151,826.9,12.25,0.2,4.92,2.57,3.0,4.68,6.75
152,911.05,14.25,0.0,5.42,3.67,2.48,5.0,8.06
153,171.85,4.25,0.0,1.02,0.82,0.4,0.78,1.52
154,222.65,5.5,0.0,1.33,1.11,0.5,1.0,2.0
155,257.15,5.75,0.0,1.53,1.33,0.5,1.12,2.2
156,1087.45,20.5,0.0,6.47,5.2,2.44,5.0,9.25
157,3372.5,71.25,0.25,20.07,15.51,8.5,17.45,27.25
158,2558.15,36.75,0.25,15.23,9.87,6.94,13.68,22.64
159,494.7,10.25,0.0,2.94,2.55,0.95,2.0,4.53
160,310.1,6.75,0.0,1.85,1.33,0.75,1.5,2.64
161,745.55,17.25,0.0,4.44,3.92,1.4,3.22,6.81
162,488.9,10.0,0.0,2.91,2.58,1.0,2.25,4.25
163,258.35,8.0,0.0,1.54,1.4,0.4,1.1,2.25
164,1093.25,19.5,0.0,6.51,5.11,2.25,5.22,10.1
165,1099.7,22.75,0.2,6.55,5.38,2.71,4.62,9.21
166,621.25,13.5,0.0,3.7,3.09,1.36,2.75,5.8
167,1575.05,27.0,0.25,9.38,6.94,3.8,6.75,15.65
168,819.15,17.0,0.0,4.88,3.59,2.15,4.0,7.0
169,517.0,9.5,0.0,3.08,2.02,1.48,2.78,4.5
170,1268.1,30.25,0.0,7.55,5.81,3.36,6.1,11.05
171,1213.7,21.25,0.2,7.22,5.2,3.15,6.2,10.1
172,179.3,4.75,0.0,1.07,0.99,0.36,0.75,1.52
173,861.15,19.0,0.0,5.13,4.66,1.25,3.4,8.4
174,190.65,4.75,0.0,1.13,1.02,0.4,0.8,1.75
175,200.3,5.5,0.0,1.19,0.95,0.5,1.0,1.75
176,4909.2,128.25,0.4,29.22,29.9,7.09,18.1,43.88
177,485.5,13.0,0.0,2.89,2.7,0.95,1.9,4.25
178,1425.15,27.5,0.2,8.48,7.18,3.15,5.45,12.19
179,748.85,15.0,0.0,4.46,3.92,1.5,3.1,6.56
180,540.5,11.0,0.0,3.22,2.5,1.2,2.62,4.85
181,600.95,13.5,0.0,3.58,3.17,1.2,2.5,5.5
182,237.35,5.5,0.0,1.41,1.13,0.5,1.0,2.0
183,2934.2,55.0,0.0,17.47,13.8,7.6,12.45,27.31
184,221.45,4.5,0.0,1.32,1.0,0.5,1.2,2.0
185,2831.1,69.0,0.2,16.85,15.74,5.75,11.55,24.12
186,2241.8,57.0,0.2,13.34,11.31,4.42,10.78,17.21
187,203.65,4.0,0.0,1.21,0.97,0.4,1.0,1.8
188,2558.7,68.75,0.0,15.23,13.9,4.75,11.38,18.81
189,2591.85,40.2,0.6,15.43,8.7,9.61,15.45,20.5
190,2001.85,39.25,0.0,11.92,9.15,5.2,9.0,17.56
191,2767.05,62.25,0.75,16.47,13.62,6.8,12.22,23.19
192,429.35,8.75,0.0,2.56,1.89,1.2,2.1,3.5
193,249.35,6.25,0.0,1.48,1.32,0.5,1.0,2.21
194,258.3,6.5,0.0,1.54,1.34,0.5,1.2,2.0
195,871.85,16.5,0.0,5.19,4.04,2.0,4.0,8.31
196,1115.55,22.0,0.0,6.64,5.6,2.2,4.6,10.31
197,1447.7,23.5,0.0,8.62,5.78,3.09,8.75,13.0
198,304.95,6.75,0.0,1.82,1.55,0.5,1.45,2.75
199,1113.9,26.0,0.2,6.63,5.66,2.25,4.5,10.12
200,791.4,15.0,0.25,4.71,3.38,2.0,4.0,6.75
201,2223.65,49.0,0.4,13.24,10.62,6.0,10.2,18.6
202,3429.4,69.5,0.6,20.41,14.79,10.09,15.88,29.38
203,917.2,19.5,0.0,5.46,4.44,2.4,4.25,7.76
204,4532.85,115.5,0.0,26.98,22.6,9.79,21.0,41.5
205,1755.4,39.5,0.2,10.45,8.32,4.2,8.22,14.06
206,649.8,13.2,0.0,3.87,2.72,1.8,3.0,5.43
207,341.95,7.0,0.0,2.04,1.54,0.79,1.75,3.0
208,423.85,10.75,0.0,2.52,2.12,0.75,1.8,3.85
209,1518.65,25.5,0.2,9.04,5.43,4.95,8.25,12.34
210,306.95,8.25,0.0,1.83,1.7,0.57,1.25,3.0
211,577.95,11.25,0.0,3.44,2.57,1.48,2.8,5.05
212,1808.8,43.5,0.0,10.77,8.08,4.72,9.1,16.05
213,1162.95,20.5,0.0,6.92,5.14,3.0,5.45,10.0
214,2175.95,32.75,0.0,12.95,8.52,6.19,13.45,18.64
215,731.7,15.25,0.0,4.36,3.27,1.75,3.7,6.0
216,570.15,11.25,0.0,3.39,2.49,1.4,2.75,4.75
217,1281.75,24.25,0.0,7.63,5.96,3.2,5.62,11.58
218,429.55,9.5,0.0,2.56,1.94,1.0,2.0,3.8
219,368.75,7.5,0.0,2.19,1.6,1.0,1.8,3.25
220,343.3,8.25,0.0,2.04,1.61,0.75,1.5,2.8
221,5006.55,129.0,0.75,29.8,28.23,10.75,20.05,40.52
222,1570.2,25.0,1.0,9.35,5.91,4.8,7.88,13.21
223,3490.25,85.25,0.8,20.78,17.16,8.75,16.6,27.64
224,2147.05,35.2,0.4,12.78,9.07,5.71,10.25,19.34
225,659.45,13.5,0.0,3.93,3.23,1.5,3.1,5.75
226,1503.7,30.6,0.0,8.95,5.73,5.75,8.25,11.4
227,1782.7,29.6,0.2,10.61,6.42,6.0,9.78,14.21
228,1108.4,18.75,0.0,6.6,4.64,2.8,5.45,10.21
229,933.6,22.0,0.0,5.56,4.88,1.79,4.0,9.05
230,1872.55,43.25,0.4,11.15,8.77,5.0,8.75,14.06
231,1356.4,23.0,0.25,8.07,5.8,3.0,6.75,12.0
232,2379.1,44.0,0.25,14.16,9.7,6.71,12.38,19.98
233,1237.45,23.0,0.0,7.37,5.39,3.25,5.4,11.42
234,1290.7,22.5,0.0,7.68,5.62,3.2,6.0,11.85
235,804.1,18.25,0.0,4.79,4.09,1.5,3.5,7.05
236,3922.2,122.25,0.8,23.35,22.54,9.22,16.4,30.06
237,1339.6,24.75,0.0,7.97,6.48,3.15,5.9,11.5
238,819.95,19.0,0.0,4.88,3.79,2.15,3.75,7.21
239,684.65,13.75,0.0,4.08,3.08,1.58,3.5,6.0
240,1928.3,43.25,0.2,11.48,9.79,3.79,8.32,17.31
241,3008.85,51.5,0.2,17.91,14.14,5.55,14.25,29.68
242,3807.8,65.5,2.4,22.67,13.81,12.2,20.02,30.25
243,1975.95,40.0,0.4,11.76,8.97,5.0,8.45,16.8
244,1603.65,30.75,0.0,9.55,7.69,3.36,7.55,15.29
245,2120.25,39.0,0.2,12.62,9.8,5.71,8.65,18.7
246,1918.75,39.75,0.2,11.42,9.82,4.0,7.12,18.0
247,2084.55,40.75,0.0,12.41,10.89,4.0,8.1,19.44
248,711.0,13.0,0.0,4.23,3.19,1.8,3.55,6.0
249,1465.65,26.5,0.0,8.72,6.66,3.4,7.0,12.81
250,741.8,17.5,0.0,4.42,3.68,1.79,3.32,6.43
251,1054.2,19.5,0.0,6.28,4.57,2.8,5.22,9.6
252,956.25,15.0,0.0,5.69,3.32,3.25,5.5,7.6
253,1026.7,19.25,0.25,6.11,4.39,3.0,5.0,8.25
254,1960.45,34.5,1.0,11.67,7.83,5.95,9.2,15.5
255,1948.85,33.5,1.4,11.6,7.96,5.25,9.0,15.56
256,1065.1,19.0,0.0,6.34,4.67,2.8,5.0,9.52
257,558.15,12.5,0.0,3.32,2.75,1.2,2.68,4.5
258,3814.1,64.75,1.8,22.7,14.61,12.48,19.68,29.8
259,4255.65,109.0,2.2,25.33,18.76,10.42,21.55,33.31
260,608.1,14.5,0.0,3.62,2.89,1.36,2.8,5.29
261,664.2,16.0,0.0,3.95,3.14,1.75,3.1,5.75
262,872.0,14.5,0.2,5.19,3.26,2.8,4.25,7.06
263,1344.6,23.0,0.4,8.0,5.33,3.8,6.62,11.12
264,981.35,18.75,0.0,5.84,4.36,2.48,4.45,8.06
265,3019.6,56.75,2.0,17.97,12.78,8.15,14.22,25.06
266,836.75,15.75,0.2,4.98,3.5,2.5,4.0,7.0
267,1148.35,20.75,0.0,6.84,4.6,3.2,6.0,9.75
268,2025.95,31.5,1.0,12.06,7.25,6.95,10.6,17.0
269,274.05,7.5,0.0,1.63,1.4,0.6,1.1,2.4
270,402.1,8.0,0.0,2.39,1.81,0.95,2.0,3.42
271,324.4,5.8,0.0,1.93,1.45,0.75,1.68,3.0
272,2008.55,39.5,0.2,11.96,9.71,4.75,8.55,17.94
273,516.8,9.0,0.0,3.08,2.22,1.25,2.5,4.43
274,583.45,12.0,0.0,3.47,3.02,1.0,2.55,5.25
275,1979.5,34.5,0.5,11.78,9.39,4.36,8.25,18.38
276,485.05,11.0,0.0,2.89,2.32,1.2,2.2,4.25
277,1039.25,14.25,0.5,6.19,3.59,3.24,5.45,9.0
278,1706.45,30.5,0.0,10.16,7.83,4.2,8.5,14.25
279,523.4,10.5,0.0,3.12,2.27,1.24,2.75,4.64
280,953.95,18.0,0.0,5.68,4.39,2.2,4.45,8.19
281,994.8,16.0,0.2,5.92,3.87,2.72,5.5,7.81
282,824.3,17.25,0.0,4.91,3.86,1.6,4.0,7.06
283,1604.45,24.0,0.2,9.55,6.36,4.4,8.32,13.76
284,1154.55,24.25,0.4,6.87,4.7,3.4,5.88,9.75
285,1100.2,20.25,0.0,6.55,4.73,2.95,5.5,9.21
286,3570.6,136.0,1.2,21.25,19.35,9.35,18.5,26.85
287,1109.35,20.5,0.25,6.6,4.66,3.15,5.55,9.31
288,1482.1,25.5,0.25,8.82,5.76,4.25,8.22,12.76
289,904.55,16.5,0.0,5.38,3.34,2.71,5.45,7.43
290,2255.85,35.75,1.4,13.43,8.41,6.72,12.12,18.76
291,237.25,6.0,0.0,1.41,1.15,0.5,1.2,2.0
292,2627.6,52.75,0.75,15.64,10.69,7.31,14.22,21.64
293,353.75,6.5,0.0,2.11,1.59,0.8,1.75,3.21
294,323.85,6.0,0.0,1.93,1.52,0.75,1.55,2.85
295,453.55,9.75,0.0,2.7,2.27,0.8,2.0,4.25
296,4070.05,117.0,1.0,24.23,19.28,9.94,21.78,31.04
297,1233.6,20.5,0.2,7.34,5.23,3.2,5.55,11.31
298,1680.25,26.75,1.0,10.0,6.0,5.2,8.55,13.85
299,3050.7,70.25,0.6,18.16,12.72,8.51,17.9,23.0
300,1432.55,24.75,0.6,8.53,4.94,5.14,8.0,10.64
301,955.35,20.25,0.2,5.69,4.02,2.6,4.9,8.06
302,1614.4,30.5,1.25,9.61,6.02,5.24,7.9,13.0
303,4435.4,120.0,1.6,26.4,24.52,9.48,18.77,34.97
304,2406.3,42.0,1.2,14.32,9.37,7.36,12.5,19.06
305,0.0,0.0,0.0,0.0,0.0,0.0,0.0,0.0
306,533.1,9.75,0.0,3.17,2.3,1.25,2.62,4.6
307,948.8,17.0,0.5,5.65,3.89,2.71,4.6,8.2
308,1084.75,16.75,0.4,6.46,4.04,3.2,5.8,9.0
309,2052.9,39.75,0.4,12.22,9.68,4.71,9.43,19.21
310,2539.9,36.8,0.4,15.12,9.53,7.75,15.22,21.0
311,1224.25,22.0,0.0,7.29,5.55,3.0,5.88,10.45
312,892.15,18.75,0.0,5.31,4.33,2.2,4.2,8.0
313,0.0,0.0,0.0,0.0,0.0,0.0,0.0,0.0
314,701.2,14.2,0.0,4.17,3.25,1.5,3.32,5.81
315,883.3,17.5,0.0,5.26,4.08,2.0,3.9,7.52
316,627.2,11.5,0.2,3.73,2.76,1.5,3.0,5.29
317,1479.5,24.25,0.6,8.81,4.87,5.5,8.2,11.85
318,2805.45,47.5,1.2,16.7,10.05,9.19,14.8,22.29
319,4721.5,88.25,1.75,28.1,21.86,11.88,19.92,41.1
320,3569.45,52.0,0.8,21.25,13.27,9.8,20.45,30.81
321,2800.7,57.75,0.2,16.67,12.71,5.7,15.2,23.12
322,5907.4,115.5,1.2,35.16,27.5,14.58,26.0,52.64
323,1148.65,16.0,0.2,6.84,4.48,2.6,7.22,10.06
324,843.45,17.75,0.0,5.02,4.37,1.58,3.55,7.5
325,3988.55,61.5,0.4,23.74,14.96,12.0,24.45,35.7
326,2907.55,43.5,0.8,17.31,11.07,9.0,15.75,25.0
327,3878.85,67.5,0.8,23.09,14.76,12.6,19.62,32.62
328,1117.0,24.25,0.0,6.65,5.07,2.36,5.88,9.29
329,2543.2,42.0,0.0,15.14,10.62,7.05,13.38,22.6
330,6141.55,82.0,2.2,36.56,20.24,21.56,34.9,50.29
331,1601.55,24.5,0.0,9.53,6.68,2.79,9.8,13.42
332,2957.85,45.0,0.6,17.61,11.84,8.24,15.05,26.05
333,4115.3,68.25,1.6,24.5,16.47,10.69,22.75,33.56
334,7188.6,112.0,2.0,42.79,30.0,19.55,35.0,65.43
335,1495.3,27.75,0.2,8.9,6.85,2.75,8.0,14.05
336,4258.7,55.0,0.2,25.35,14.55,11.62,28.8,36.42
337,970.65,15.5,0.0,5.78,3.96,2.25,5.78,8.56
338,1669.6,25.5,0.0,9.94,6.45,4.66,10.32,14.05
339,5343.4,95.0,1.2,31.81,25.57,11.9,23.05,50.75
340,1963.4,29.75,0.0,11.69,7.91,4.15,11.5,17.0
341,1652.05,32.0,0.2,9.83,8.31,3.15,7.4,15.81
342,3670.75,68.5,0.6,21.85,16.68,8.75,16.45,33.15
343,4625.1,93.25,0.4,27.53,25.63,7.75,17.88,44.81
344,1563.9,31.0,0.0,9.31,8.05,3.2,6.2,14.38
345,3171.7,57.75,0.2,18.88,15.72,6.48,13.68,31.21
346,2240.35,36.75,0.75,13.34,8.59,5.48,13.5,18.86
347,3116.1,52.25,0.4,18.55,13.15,7.19,17.77,27.85
348,1797.75,35.25,0.2,10.7,9.11,3.25,7.25,17.85
349,1543.55,24.0,0.0,9.19,6.44,4.2,8.68,13.62
350,2053.15,36.75,0.2,12.22,9.21,4.79,10.78,18.21
351,3363.95,63.5,0.5,20.02,16.31,7.4,14.45,32.06
352,883.3,16.75,0.0,5.26,4.05,2.0,3.9,8.0
353,3735.6,61.25,0.8,22.24,15.53,10.55,18.62,31.59
354,1196.55,32.0,0.2,7.12,5.98,2.4,5.8,9.81
355,1828.35,31.25,0.2,10.88,9.02,4.0,7.75,17.56
356,1036.9,17.25,0.0,6.17,4.43,2.4,5.62,9.6
357,3589.25,80.5,1.0,21.36,16.77,9.4,16.75,28.2
358,3350.1,59.0,0.4,19.94,16.66,6.15,14.75,32.34
359,2855.05,56.75,0.2,16.99,12.74,6.95,15.0,24.29
360,4106.25,84.25,0.0,24.44,19.56,10.3,19.32,36.06
361,1683.7,34.0,0.0,10.02,8.84,2.8,6.62,15.88
362,4558.1,81.75,1.6,27.13,18.65,11.38,25.4,37.06
363,2818.6,44.25,0.2,16.78,12.5,6.85,12.7,27.46
364,4772.4,118.0,1.0,28.41,24.14,11.38,21.32,41.12
365,1689.7,36.0,0.2,10.06,7.42,4.2,8.78,14.56
366,3647.2,62.5,0.4,21.71,16.17,9.19,16.23,35.12
367,6066.05,120.25,1.2,36.11,32.33,10.69,22.12,58.38
368,2486.85,61.75,0.0,14.8,15.35,3.36,7.45,23.9
369,3633.3,70.0,1.0,21.63,16.5,9.35,17.12,29.81
370,2795.25,51.25,0.4,16.64,13.78,6.32,11.1,26.38
371,1739.75,31.5,0.0,10.36,8.96,2.8,6.2,18.1
372,1545.9,44.0,0.0,9.2,7.79,3.0,9.0,12.05
373,6102.5,166.25,0.6,36.32,37.24,9.75,22.5,53.38
374,1089.05,23.0,0.0,6.48,5.77,1.95,4.0,11.0
375,1708.1,31.25,0.2,10.17,8.57,3.24,6.75,17.0
376,2224.8,51.25,0.5,13.24,12.29,4.0,8.5,19.29
377,1776.05,37.75,0.0,10.57,8.55,3.58,8.0,16.0
378,3471.55,63.0,0.8,20.66,16.48,8.3,14.5,30.52
379,1259.85,28.75,0.0,7.5,6.83,2.0,5.4,10.56
380,3052.5,47.75,0.6,18.17,12.41,9.15,15.55,26.45
381,1842.2,38.0,0.0,10.97,9.3,3.3,8.7,17.06
382,1997.0,37.75,0.0,11.89,10.12,3.95,8.5,19.81
383,1879.1,34.75,0.25,11.19,9.45,3.8,7.7,17.81
384,0.0,0.0,0.0,0.0,0.0,0.0,0.0,0.0
385,0.0,0.0,0.0,0.0,0.0,0.0,0.0,0.0
386,235.0,4.4,0.0,1.4,1.07,0.5,1.2,2.05
387,6.45,1.25,0.0,0.04,0.14,0.0,0.0,0.0
388,143.1,3.0,0.0,0.85,0.61,0.4,0.75,1.25
389,209.4,5.2,0.0,1.25,0.94,0.5,1.0,1.75
390,352.45,7.75,0.0,2.1,1.62,0.8,1.8,3.0
391,538.7,10.5,0.0,3.21,2.68,1.24,2.5,4.6
392,141.2,3.0,0.0,0.84,0.66,0.25,0.75,1.29
393,339.5,5.0,0.0,2.02,1.22,1.0,2.0,3.0
394,503.9,12.5,0.25,3.0,1.95,1.8,2.75,3.75
395,306.85,7.0,0.0,1.83,1.27,1.0,1.6,2.25
396,204.4,5.25,0.0,1.22,1.0,0.5,1.0,1.75
397,154.55,3.25,0.0,0.92,0.73,0.4,0.75,1.25
398,254.1,5.0,0.0,1.51,1.12,0.6,1.1,2.4
399,189.55,4.25,0.0,1.13,0.82,0.5,1.0,1.6
400,792.95,21.75,0.0,4.72,3.36,2.44,4.5,6.4
401,777.95,10.75,0.0,4.63,2.68,2.5,4.78,6.45
402,484.5,8.75,0.0,2.88,1.84,1.25,2.68,3.75
403,579.65,12.5,0.0,3.45,2.3,1.75,3.25,5.0
404,433.95,9.0,0.0,2.58,1.87,1.2,2.25,3.75
405,162.2,3.25,0.0,0.97,0.84,0.25,0.8,1.5
406,389.8,7.25,0.0,2.32,1.51,1.2,2.2,3.25
407,440.3,8.25,0.0,2.62,1.78,1.2,2.25,4.0
408,584.3,11.4,0.2,3.48,2.04,2.0,3.22,4.64
409,561.15,7.8,0.0,3.34,1.74,1.8,3.32,4.53
410,310.2,6.2,0.0,1.85,1.24,0.8,1.75,2.6
411,314.15,5.5,0.0,1.87,1.11,1.0,1.68,2.6
412,870.05,17.75,0.6,5.18,3.27,2.8,4.25,6.75
413,459.15,9.25,0.0,2.73,1.97,1.2,2.25,4.2
414,370.6,9.25,0.0,2.21,1.64,1.0,2.0,2.85
415,278.85,6.0,0.0,1.66,1.24,0.75,1.5,2.42
416,47.8,1.75,0.0,0.28,0.34,0.0,0.2,0.5
417,191.25,3.5,0.0,1.14,0.77,0.57,1.0,1.64
418,225.3,4.75,0.0,1.34,0.82,0.75,1.4,1.76
419,36.8,1.25,0.0,0.22,0.26,0.0,0.2,0.4
420,370.25,7.6,0.0,2.2,1.56,1.0,2.0,3.2
421,389.85,7.5,0.0,2.32,1.43,1.0,2.33,3.25
422,147.35,3.75,0.0,0.88,0.63,0.5,0.8,1.2
423,117.1,2.75,0.0,0.7,0.56,0.25,0.6,1.0
424,200.6,3.75,0.0,1.19,0.87,0.6,1.0,1.52
425,136.25,3.5,0.0,0.81,0.69,0.25,0.75,1.2
426,130.6,3.25,0.0,0.78,0.63,0.25,0.75,1.05
427,190.55,4.25,0.0,1.13,0.85,0.5,1.0,1.75
428,233.9,7.0,0.0,1.39,1.01,0.6,1.25,2.0
429,493.95,8.0,0.0,2.94,1.76,1.5,3.0,4.0
430,519.85,13.5,0.4,3.09,2.34,1.71,2.55,3.5
431,503.35,11.0,0.0,3.0,1.92,1.48,3.0,4.21
432,434.95,9.75,0.0,2.59,2.21,1.0,1.9,3.8
433,186.2,3.75,0.0,1.11,0.94,0.4,0.8,1.75
434,212.6,5.0,0.0,1.27,0.92,0.6,1.1,1.75
435,177.3,4.25,0.0,1.06,0.8,0.4,1.0,1.5
436,454.4,9.0,0.0,2.7,2.12,1.15,2.0,4.06
437,317.2,7.0,0.0,1.89,1.56,0.75,1.45,2.76
438,170.8,3.0,0.0,1.02,0.76,0.4,0.8,1.5
439,317.85,5.75,0.0,1.89,1.26,1.0,1.75,2.5
440,337.3,5.5,0.0,2.01,1.24,1.0,1.8,2.85
441,262.8,5.25,0.0,1.56,1.06,0.8,1.25,2.0
442,151.4,5.8,0.0,0.9,0.91,0.25,0.75,1.25
443,255.3,5.2,0.0,1.52,0.95,0.8,1.4,2.2
444,18.85,1.0,0.0,0.11,0.18,0.0,0.0,0.2
445,178.8,3.75,0.0,1.06,0.73,0.5,1.0,1.5
446,167.0,3.2,0.0,0.99,0.81,0.4,0.8,1.4
447,98.4,3.5,0.0,0.59,0.71,0.0,0.25,1.0
448,402.1,8.2,0.0,2.39,1.99,0.79,1.78,3.64
449,389.75,8.25,0.0,2.32,1.5,1.2,2.0,3.0
450,321.5,5.25,0.0,1.91,1.34,0.79,1.75,2.85
451,341.3,8.0,0.0,2.03,1.42,1.0,1.75,2.8
452,583.3,11.5,0.0,3.47,2.15,1.79,3.25,4.75
453,224.85,6.0,0.0,1.34,1.25,0.25,1.0,2.0
454,614.4,14.5,0.0,3.66,3.22,1.0,2.55,5.81
455,672.4,11.0,0.0,4.0,2.69,1.75,3.25,5.76
456,615.6,12.0,0.0,3.66,2.72,1.48,3.0,5.52
457,618.95,9.75,0.0,3.68,2.13,2.0,3.55,5.0
458,194.4,4.0,0.0,1.16,0.85,0.5,1.0,1.75
459,111.1,2.0,0.0,0.66,0.51,0.25,0.55,1.0
460,669.25,16.0,0.0,3.98,3.75,1.0,2.5,6.31
461,442.55,12.25,0.0,2.63,2.42,0.8,2.22,3.52
462,587.75,12.25,0.0,3.5,2.59,1.5,2.8,5.05
463,671.05,18.0,0.0,3.99,3.12,1.5,3.2,6.0
464,726.55,10.5,0.2,4.32,2.08,2.75,4.0,5.5
465,571.55,9.25,0.4,3.4,1.7,2.25,3.22,4.5
466,1934.2,25.0,1.6,11.51,4.97,8.24,11.55,14.52
467,370.75,5.5,0.4,2.21,1.11,1.4,2.0,2.76
468,174.2,5.0,0.0,1.04,0.85,0.4,0.8,1.4
469,112.7,2.75,0.0,0.67,0.59,0.25,0.5,1.0
470,189.75,4.8,0.0,1.13,0.94,0.5,1.0,1.5
471,153.45,3.75,0.0,0.91,0.77,0.25,0.75,1.25
472,191.85,5.25,0.0,1.14,1.0,0.4,0.78,1.6
473,153.55,2.75,0.0,0.91,0.67,0.4,0.78,1.25
474,190.5,3.5,0.0,1.13,0.72,0.6,1.0,1.5
475,178.6,5.2,0.0,1.06,0.89,0.4,0.9,1.5
476,135.95,3.5,0.0,0.81,0.78,0.25,0.6,1.0
477,653.8,12.75,0.0,3.89,3.09,1.4,3.0,5.76
478,308.45,7.5,0.0,1.84,1.68,0.6,1.25,2.64
479,324.15,7.25,0.0,1.93,1.44,0.95,1.6,2.6
480,95.45,3.0,0.0,0.57,0.59,0.2,0.4,0.8
481,195.15,4.75,0.0,1.16,0.92,0.4,1.0,1.6
482,80.25,3.0,0.0,0.48,0.59,0.0,0.25,0.6
483,1427.45,25.8,0.0,8.5,5.24,4.4,8.2,11.0
484,636.85,11.0,0.0,3.79,2.31,1.75,3.9,5.5
485,561.8,12.75,0.2,3.34,1.75,2.44,3.4,4.25
486,687.45,13.75,0.2,4.09,2.11,2.5,4.1,5.2
487,310.9,7.2,0.0,1.85,1.63,0.5,1.5,2.75
488,571.0,7.6,0.0,3.4,1.81,2.0,3.4,4.6
489,908.0,11.5,0.25,5.4,2.73,3.48,5.68,7.29
490,584.55,9.75,0.0,3.48,2.09,1.94,3.55,4.8
491,1351.7,27.75,0.2,8.05,5.63,3.48,7.0,10.85
492,499.2,50.75,0.0,2.97,5.14,0.79,2.0,3.6
493,40.4,1.2,0.0,0.24,0.28,0.0,0.2,0.4
494,246.05,5.5,0.0,1.46,1.19,0.57,1.25,2.05
495,249.85,4.8,0.0,1.49,1.16,0.4,1.32,2.05
496,214.85,7.25,0.0,1.28,1.24,0.5,1.0,1.76
497,162.0,3.75,0.0,0.96,0.76,0.4,0.8,1.4
498,158.95,3.25,0.0,0.95,0.73,0.4,0.75,1.42
499,121.0,4.75,0.0,0.72,0.76,0.2,0.5,1.05
500,279.5,5.0,0.0,1.66,1.08,0.8,1.5,2.25
501,261.5,4.5,0.0,1.56,1.01,0.75,1.25,2.25
502,248.7,5.5,0.0,1.48,1.12,0.6,1.25,2.05
503,457.4,11.25,0.0,2.72,2.03,1.24,2.4,3.8
504,204.2,4.25,0.0,1.22,0.91,0.5,1.0,1.75
505,163.0,3.5,0.0,0.97,0.77,0.36,0.8,1.5
506,132.45,2.8,0.0,0.79,0.67,0.25,0.6,1.2
507,156.1,3.4,0.0,0.93,0.76,0.25,0.78,1.4
508,174.4,4.5,0.0,1.04,0.87,0.4,0.78,1.52
509,243.05,6.5,0.0,1.45,1.12,0.6,1.2,2.0
510,276.05,6.75,0.0,1.64,1.29,0.75,1.4,2.25
511,331.7,6.25,0.0,1.97,1.42,0.8,1.75,3.0
512,145.45,3.5,0.0,0.87,0.7,0.25,0.75,1.25
513,386.5,7.75,0.0,2.3,1.78,1.0,1.9,3.25
514,179.9,4.5,0.0,1.07,1.02,0.25,0.8,1.52
515,149.05,3.75,0.0,0.89,0.84,0.25,0.6,1.4
516,207.9,5.0,0.0,1.24,0.96,0.5,1.0,1.8
517,621.8,12.0,0.0,3.7,2.81,1.5,2.75,5.75
518,211.4,5.25,0.0,1.26,1.17,0.25,1.0,1.8
519,1793.2,72.4,0.0,10.67,12.99,4.19,7.75,11.64
520,1265.25,39.8,0.0,7.53,7.49,2.15,5.88,9.7
521,2209.25,119.5,0.2,13.15,14.68,3.19,10.78,17.75
522,816.25,21.0,0.0,4.86,3.95,1.5,4.25,6.75
523,177.95,4.25,0.0,1.06,0.94,0.25,0.8,1.75
524,79.35,3.5,0.0,0.47,0.55,0.0,0.25,0.75
525,209.0,5.75,0.0,1.24,1.18,0.4,1.0,1.75
526,239.85,5.5,0.0,1.43,1.13,0.5,1.23,2.0
527,454.8,8.75,0.0,2.71,1.89,1.15,2.4,3.85
528,138.35,3.5,0.0,0.82,0.78,0.24,0.6,1.25
529,561.65,12.75,0.0,3.34,2.67,1.2,2.75,5.0
530,433.55,9.25,0.0,2.58,2.03,1.0,2.1,3.65
531,224.1,5.5,0.0,1.33,1.22,0.4,1.0,2.0
532,334.85,7.0,0.0,1.99,1.55,0.75,1.68,2.75
533,1260.9,23.0,0.0,7.51,5.78,2.94,5.68,12.06
534,1271.35,59.75,0.0,7.57,8.34,2.75,5.38,10.06
535,721.15,14.75,0.0,4.29,2.94,2.0,4.0,5.8
536,1415.3,27.25,0.4,8.42,5.31,3.75,8.4,11.52
537,1739.4,34.75,0.0,10.35,7.96,4.15,9.8,14.29
538,2984.9,70.5,0.5,17.77,15.08,5.79,16.42,23.29
539,1213.55,17.0,1.0,7.22,3.76,4.25,6.62,10.25
540,1317.1,22.75,1.8,7.84,4.19,5.15,6.8,9.75
541,329.85,7.25,0.0,1.96,1.58,0.8,1.5,2.75
542,451.2,10.0,0.0,2.69,2.23,1.0,2.0,3.81
543,1606.5,25.0,0.0,9.56,6.52,3.15,9.5,14.05
544,666.7,13.2,0.0,3.97,2.89,1.25,4.25,5.43
545,475.15,10.0,0.0,2.83,2.31,1.0,2.25,4.5
546,453.0,8.8,0.0,2.7,2.16,1.0,2.22,3.81
547,149.65,6.25,0.0,0.89,0.93,0.25,0.75,1.2
548,224.2,4.0,0.0,1.33,0.83,0.71,1.25,2.0
549,177.85,3.75,0.0,1.06,0.78,0.5,1.0,1.5
550,148.0,3.75,0.0,0.88,0.76,0.25,0.75,1.25
551,186.0,4.0,0.0,1.11,0.91,0.36,1.0,1.52
552,286.1,6.0,0.0,1.7,1.35,0.75,1.4,2.4
553,594.3,11.75,0.0,3.54,2.79,1.5,2.5,5.0
554,499.6,13.75,0.0,2.97,2.87,0.8,1.8,4.0
555,437.95,8.0,0.0,2.61,1.92,1.2,2.25,4.0
556,762.25,13.75,0.0,4.54,3.09,2.24,3.9,6.0
557,2692.8,49.25,0.0,16.03,12.3,6.15,14.45,22.56
558,1996.3,62.0,0.0,11.88,10.7,4.25,10.6,15.05
559,845.45,120.5,0.0,5.03,14.01,0.5,2.2,4.0
560,1419.55,28.25,0.0,8.45,6.47,3.71,6.0,12.85
561,1833.35,36.5,0.0,10.91,8.66,4.5,8.0,16.06
562,547.85,11.0,0.0,3.26,2.7,1.0,2.5,5.25
563,1701.3,33.5,0.25,10.13,7.45,4.47,7.75,14.81
564,997.8,16.25,0.2,5.94,3.68,2.94,5.9,8.0
565,2151.8,56.25,0.2,12.81,11.22,5.0,9.22,18.0
566,1088.6,20.25,0.0,6.48,5.26,2.44,4.6,10.06
567,3937.25,78.5,2.2,23.44,16.72,12.32,18.75,32.19
568,3112.85,57.5,0.8,18.53,12.58,7.24,18.9,26.69
569,4118.85,56.25,0.8,24.52,13.97,11.48,26.9,34.5
570,3676.45,75.25,1.8,21.88,12.36,13.36,20.4,27.34
571,3296.1,76.5,0.2,19.62,15.65,5.69,18.58,26.29
572,1535.15,28.5,0.0,9.14,6.21,3.69,9.88,12.8
573,2285.5,44.5,0.0,13.6,10.16,3.94,13.32,20.29
574,286.0,6.8,0.0,1.7,1.53,0.5,1.25,2.5
575,821.95,17.75,0.0,4.89,4.19,1.75,3.5,7.81
576,316.6,7.5,0.0,1.88,1.52,0.75,1.55,3.0
577,213.55,5.0,0.0,1.27,1.16,0.4,1.0,2.0
578,1278.9,22.6,0.0,7.61,5.0,3.0,7.0,10.75
579,4350.15,72.25,3.4,25.89,15.11,16.39,23.5,33.75
580,901.5,15.5,0.2,5.37,3.79,2.0,4.9,8.29
581,611.55,12.75,0.0,3.64,2.8,1.36,3.1,5.43
582,2967.65,48.0,1.4,17.66,10.85,9.24,15.8,25.81
583,1435.3,20.0,1.2,8.54,4.11,5.71,7.9,11.5
584,1276.2,22.75,0.6,7.6,3.83,5.7,7.4,9.43
585,1717.25,26.5,0.25,10.22,6.17,6.1,9.22,14.6
586,2220.85,134.75,0.0,13.22,21.33,1.24,7.22,16.8
587,2441.9,43.0,1.25,14.54,8.46,9.15,12.6,18.56
588,1700.25,34.0,0.25,10.12,7.37,3.5,9.5,14.29
589,4326.7,208.5,2.0,25.75,28.72,10.02,17.25,29.62
590,2406.35,45.6,0.2,14.32,9.98,6.19,13.25,18.0
591,4077.5,122.75,0.2,24.27,25.01,5.9,17.0,32.0
592,2466.55,43.25,0.6,14.68,9.69,5.79,14.88,20.25
593,330.25,6.0,0.0,1.97,1.48,0.8,1.68,2.8
594,275.15,5.5,0.0,1.64,1.23,0.75,1.25,2.25
595,2179.05,42.5,0.2,12.97,9.47,4.9,11.7,18.2
596,1382.05,31.0,0.0,8.23,6.33,3.0,7.45,11.9
597,1700.2,31.0,0.0,10.12,6.17,4.79,10.25,13.4
598,1236.3,19.5,0.2,7.36,4.31,4.0,7.0,9.52
599,5412.25,91.75,2.6,32.22,18.07,17.0,33.45,42.56
600,1711.25,36.4,0.8,10.19,6.34,6.19,8.9,12.81
601,1588.4,31.25,0.2,9.45,5.98,4.94,9.55,13.4
602,1264.1,21.4,0.0,7.52,5.09,2.5,7.5,11.2
603,1813.1,27.5,0.8,10.79,5.77,7.0,9.6,12.64
604,2604.1,98.0,0.2,15.5,16.88,3.0,11.62,19.9
605,1497.6,45.75,0.0,8.91,8.77,2.0,6.5,11.56
606,703.6,14.0,0.0,4.19,3.37,1.5,3.5,5.8
607,477.85,10.25,0.0,2.84,2.38,1.0,2.2,4.43
608,4577.05,75.75,1.6,27.24,17.57,13.22,26.1,39.01
609,1142.9,19.75,0.0,6.8,4.71,2.55,6.68,10.5
610,1950.2,38.0,0.2,11.61,8.94,4.75,9.1,16.85
611,4142.35,79.25,3.0,24.66,17.52,11.71,17.38,33.2
612,251.3,6.25,0.0,1.5,1.37,0.4,1.0,2.25
613,266.9,5.75,0.0,1.59,1.31,0.5,1.25,2.25
614,1082.3,17.0,0.0,6.44,4.08,2.5,6.78,9.25
615,2106.55,32.75,0.2,12.54,7.81,6.88,12.3,17.25
616,264.75,6.0,0.0,1.58,1.31,0.5,1.25,2.5
617,308.35,7.0,0.0,1.84,1.59,0.5,1.45,2.75
618,2474.25,134.25,0.2,14.73,22.91,3.15,8.5,13.05
619,4242.4,118.75,0.4,25.25,24.12,6.69,19.8,31.62
620,2188.35,36.75,0.6,13.03,7.97,6.9,12.4,17.4
621,1937.95,30.25,0.0,11.54,6.93,6.4,11.3,15.52
622,2013.6,33.75,0.6,11.99,6.86,6.79,11.78,16.31
623,1244.6,20.5,0.2,7.41,4.48,3.75,7.5,10.05
624,485.05,12.75,0.0,2.89,2.35,1.0,2.2,4.29
625,197.2,4.0,0.0,1.17,0.96,0.4,0.9,1.75
626,2306.0,56.25,0.4,13.73,11.09,5.19,12.0,17.29
627,2506.95,82.75,0.6,14.92,14.11,7.19,12.22,16.81
628,2710.2,42.75,0.6,16.13,9.61,8.75,15.75,21.76
629,936.2,15.0,0.0,5.57,3.41,2.69,5.5,7.6
630,2067.75,34.5,0.8,12.31,6.9,7.8,11.75,17.21
631,1640.4,22.25,0.6,9.76,5.53,5.15,9.68,13.6
632,1655.0,43.0,0.0,9.85,7.39,4.36,9.45,14.05
633,824.7,19.25,0.0,4.91,3.68,1.94,4.68,7.0
634,490.9,10.0,0.0,2.92,2.04,1.25,2.6,4.31
635,535.25,10.25,0.0,3.19,2.24,1.5,2.78,4.5
636,963.95,17.75,0.2,5.74,4.05,2.71,5.0,8.0
637,879.95,15.5,0.0,5.24,3.71,2.25,4.0,7.56
638,1299.15,17.0,0.4,7.73,3.79,5.3,7.8,10.25
639,2329.6,37.25,1.2,13.87,6.66,9.5,12.9,16.85
640,2918.6,49.75,0.8,17.37,9.68,11.15,16.2,21.0
641,2413.6,57.5,0.0,14.37,11.55,4.3,13.0,20.75
642,3655.5,60.5,0.0,21.76,15.4,7.81,20.5,33.06
643,2400.5,37.25,0.0,14.29,9.6,5.57,14.12,21.58
644,5186.3,106.8,0.0,30.87,26.92,9.75,25.1,43.25
645,1650.4,29.25,0.2,9.82,6.12,4.71,10.2,14.0
646,2018.2,108.75,0.0,12.01,14.59,3.15,10.38,14.64
647,5020.5,106.75,1.8,29.88,21.65,13.05,26.5,41.05
648,3000.9,63.0,0.4,17.86,12.46,7.2,16.8,26.15
649,1750.25,60.25,0.0,10.42,12.96,1.88,6.6,12.91
650,698.1,16.5,0.0,4.16,3.11,1.71,3.75,6.0
651,1621.0,24.25,0.0,9.65,5.95,4.47,9.9,13.65
652,1890.9,34.4,0.0,11.26,8.15,4.5,10.62,16.21
653,515.15,26.0,0.0,3.07,4.48,0.25,1.25,4.6
654,1568.6,25.6,0.0,9.34,6.78,3.9,7.75,15.0
655,1910.35,157.5,0.0,11.37,20.86,1.71,5.68,10.76
656,1075.65,23.25,0.0,6.4,5.03,2.95,5.0,8.64
657,3257.55,57.0,0.4,19.39,12.82,8.88,17.75,29.31
658,2508.0,34.4,0.4,14.93,8.97,7.0,15.55,21.5
659,1902.3,31.75,0.4,11.32,6.92,6.1,11.12,15.85
660,540.2,11.0,0.0,3.22,2.57,1.2,2.4,4.64
661,1027.85,17.75,0.2,6.12,4.59,2.36,5.1,9.29
662,1064.3,18.25,0.2,6.34,3.75,3.75,5.78,8.76
663,2422.25,33.0,0.4,14.42,8.63,6.54,14.25,21.25
664,1161.9,19.5,0.0,6.92,4.52,3.0,7.22,10.29
665,2335.5,35.5,0.4,13.9,8.05,7.72,13.68,18.75
666,2193.7,40.75,0.0,13.06,8.79,5.81,12.78,18.0
667,3427.9,64.25,0.6,20.4,14.42,6.95,22.1,28.6
668,531.95,12.25,0.0,3.17,2.32,1.25,3.0,4.5
669,1412.4,27.75,0.25,8.41,5.6,3.95,7.32,11.39
670,1345.35,17.5,0.2,8.01,4.51,5.0,8.2,10.85
671,1423.35,25.5,0.2,8.47,6.42,3.71,6.45,12.21
672,3008.05,44.0,0.4,17.91,11.38,5.79,20.3,25.45
673,3575.5,66.75,0.8,21.28,12.9,10.15,22.42,30.76
674,265.0,6.25,0.0,1.58,1.28,0.5,1.25,2.5
675,430.2,11.5,0.0,2.56,2.21,1.0,2.0,3.75
676,632.2,11.25,0.25,3.76,2.61,1.8,2.68,5.56
677,642.05,10.5,0.0,3.82,2.69,1.5,3.25,6.21
678,1626.7,37.0,0.0,9.68,8.13,2.58,8.12,12.81
679,3527.25,48.5,0.8,21.0,12.57,8.79,21.1,31.06
680,1130.05,17.25,0.0,6.73,4.03,3.58,6.6,9.06
681,1240.45,26.0,0.0,7.38,4.77,3.58,6.9,10.8
682,1776.05,28.25,0.75,10.57,6.45,4.94,10.62,14.75
683,3129.1,61.0,1.4,18.63,11.81,9.09,18.2,25.06
684,3946.4,67.0,1.0,23.49,15.03,11.15,25.0,33.06
685,3163.3,54.5,0.4,18.83,12.58,6.94,20.4,27.05
686,1000.3,15.5,0.0,5.95,3.9,3.0,5.4,8.25
687,1168.4,18.0,0.2,6.95,3.81,4.25,6.75,9.64
688,768.3,28.5,0.0,4.57,5.14,1.25,3.25,5.81
689,813.5,10.5,0.6,4.84,2.56,2.75,4.32,6.76
690,5156.85,112.0,0.4,30.7,23.08,13.14,28.22,42.94
691,1936.65,62.75,0.0,11.53,10.31,4.36,9.1,15.64
692,1695.55,46.5,0.4,10.09,8.63,5.2,8.0,12.0
693,1916.8,78.5,0.0,11.41,13.23,2.0,7.0,15.05
694,1709.45,47.0,0.0,10.18,9.34,2.35,8.4,14.52
695,1074.65,18.0,0.2,6.4,4.02,3.35,6.25,9.29
696,2359.15,73.75,0.0,14.04,16.09,3.0,7.78,19.05
697,735.05,13.5,0.0,4.38,3.09,1.48,4.5,6.43
698,1119.65,16.0,0.0,6.66,4.0,4.0,6.5,9.21
699,1689.2,32.25,0.6,10.05,7.36,4.71,7.75,13.81
700,1492.3,36.25,0.75,8.88,6.68,4.19,7.22,12.0
701,2269.4,51.5,0.8,13.51,10.9,5.71,9.5,19.5
702,1386.9,23.25,0.2,8.26,5.16,3.8,7.4,11.49
703,2170.9,35.5,1.0,12.92,7.62,7.1,12.45,17.42
704,3953.0,68.75,1.6,23.53,14.46,10.55,22.75,33.0
705,2608.8,62.75,0.0,15.53,13.35,4.75,11.8,22.06
706,1111.35,18.5,0.25,6.62,4.04,3.35,6.4,9.5
707,1704.1,34.0,0.4,10.14,7.35,4.4,7.9,14.85
708,1944.1,33.5,1.2,11.57,8.53,4.6,8.25,16.9
709,856.45,12.2,0.0,5.1,2.98,2.69,5.32,7.43
710,1121.1,24.5,0.25,6.67,4.86,3.19,5.25,9.81
711,3460.0,64.5,1.8,20.6,15.31,7.88,15.9,29.12
712,3263.5,79.0,0.8,19.43,17.37,7.0,13.22,27.31
713,4763.35,93.5,2.0,28.35,20.5,10.79,25.42,42.39
714,1685.9,25.5,0.0,10.04,6.7,4.95,9.0,14.85
715,1326.85,19.0,0.0,7.9,4.75,3.36,8.5,11.25
716,429.7,11.0,0.0,2.56,2.32,0.79,1.78,3.76
717,454.4,8.5,0.0,2.7,2.04,1.25,2.25,4.0
718,1207.45,14.8,0.25,7.19,3.54,4.0,7.55,9.8
719,338.25,8.0,0.0,2.01,1.81,0.5,1.6,3.2
720,230.7,5.75,0.0,1.37,1.27,0.25,1.0,2.2
721,309.75,5.75,0.0,1.84,1.5,0.6,1.5,3.0
722,734.8,16.0,0.0,4.37,3.21,2.1,3.5,6.29
723,1137.85,19.0,0.0,6.77,4.72,1.95,6.9,10.5
724,1375.4,20.75,0.25,8.19,5.4,3.48,7.75,12.0
725,625.75,11.0,0.0,3.72,2.61,1.25,3.6,5.64
726,2868.6,68.2,0.0,17.08,14.76,6.09,15.7,21.88
727,1639.5,31.25,0.2,9.76,6.61,4.09,9.78,13.81
728,513.05,11.25,0.0,3.05,2.56,1.0,2.2,4.81
729,1073.4,21.25,0.2,6.39,4.62,2.5,5.75,9.85
730,2898.35,59.75,0.5,17.25,11.95,7.12,16.1,24.0
731,4544.85,56.0,2.0,27.05,13.87,18.88,28.75,36.65
732,1903.15,41.25,0.2,11.33,7.65,5.5,10.5,15.4
733,3678.4,97.0,1.2,21.9,18.44,7.95,15.25,31.56
734,2136.6,36.75,0.4,12.72,9.36,5.35,9.0,19.12
735,2958.55,51.0,0.6,17.61,12.27,5.95,17.7,24.85
736,4983.8,86.5,1.0,29.67,20.89,8.66,29.1,43.6
737,34.5,1.5,0.0,0.21,0.34,0.0,0.0,0.25
738,405.1,14.2,0.0,2.41,2.51,0.57,1.75,3.5
739,382.75,14.0,0.0,2.28,2.5,0.5,1.6,3.0
740,3460.35,86.25,0.5,20.6,18.28,7.14,17.0,25.0
741,858.9,22.75,0.0,5.11,4.2,2.0,4.1,6.8
742,8481.0,135.8,1.2,50.48,32.02,22.06,51.02,71.45
743,3868.7,81.0,0.6,23.03,18.49,9.06,19.88,35.52
744,4814.2,77.75,0.6,28.66,18.53,12.66,30.2,40.6
745,3868.65,83.25,0.4,23.03,15.68,8.75,23.9,31.78
746,1975.0,30.0,0.25,11.76,7.68,4.32,12.32,17.8
747,2461.95,34.5,0.0,14.65,10.2,3.66,17.55,22.42
748,1157.65,19.2,0.0,6.89,4.81,2.19,7.22,9.85
749,1302.35,21.75,0.0,7.75,5.58,2.19,8.2,12.21
750,481.85,7.5,0.0,2.87,1.8,1.36,3.1,4.0
751,887.4,16.25,0.0,5.28,3.73,2.2,5.1,7.6
752,1627.4,27.0,0.4,9.69,5.75,4.57,10.12,13.29
753,1230.15,27.25,0.0,7.32,5.75,2.24,6.45,11.58
754,1197.0,18.75,0.0,7.12,5.38,1.48,7.12,11.29
755,286.05,7.75,0.0,1.7,1.5,0.48,1.4,2.6
756,222.35,4.5,0.0,1.32,1.12,0.25,1.0,2.0
757,669.4,13.6,0.0,3.98,3.16,1.0,3.8,5.85
758,252.85,7.75,0.0,1.51,1.36,0.48,1.2,2.25
759,152.4,4.25,0.0,0.91,0.81,0.25,0.75,1.5
760,1801.5,30.0,0.2,10.72,7.14,4.47,9.75,15.81
761,3190.5,53.0,0.4,18.99,13.46,8.57,16.45,27.0
762,2191.4,51.5,0.2,13.04,10.05,3.88,12.22,19.76
763,2717.2,45.25,0.2,16.17,11.49,5.35,15.95,22.85
764,2928.35,69.0,0.4,17.43,14.55,6.94,14.0,21.5
765,1295.7,17.5,0.0,7.71,4.44,3.66,8.25,10.76
766,1640.6,25.0,0.0,9.77,6.27,4.47,9.6,13.56
767,2834.7,49.5,0.6,16.87,11.45,8.32,14.78,23.62
768,2335.35,32.5,0.0,13.9,7.82,8.15,14.1,19.5
769,1123.0,18.75,0.0,6.68,5.34,2.44,5.0,10.27
770,2508.65,41.75,0.2,14.93,10.14,6.75,13.0,22.12
771,2617.7,87.25,0.2,15.58,16.0,5.1,10.25,22.06
772,5198.8,94.25,0.6,30.95,24.98,9.71,26.0,49.52
773,1454.6,41.5,0.0,8.66,7.67,3.5,7.38,10.21
774,1332.8,38.0,0.0,7.93,7.9,2.5,5.8,10.56
775,1088.85,28.0,0.0,6.48,5.81,1.8,5.45,9.0
776,1521.9,46.75,0.0,9.06,10.13,1.79,6.45,11.29
777,1080.55,22.75,0.0,6.43,4.9,2.2,5.75,9.5
778,618.4,9.0,0.0,3.68,2.33,1.66,3.78,5.25
779,616.5,10.5,0.0,3.67,2.81,1.0,3.2,5.8
780,1253.45,36.75,0.0,7.46,8.62,1.58,4.32,9.5
781,507.4,13.2,0.0,3.02,2.94,0.79,2.4,4.0
782,1219.15,24.0,0.0,7.26,5.2,2.94,6.75,10.25
783,2054.05,54.75,0.0,12.23,9.89,5.0,11.0,16.52
784,1305.45,20.25,0.0,7.77,4.55,4.09,8.25,11.05
785,1999.25,36.0,0.4,11.9,6.95,7.38,12.1,15.52
786,2332.15,40.5,0.4,13.88,9.81,4.95,13.22,19.7
787,2207.0,47.5,0.0,13.14,10.19,5.75,12.12,16.85
788,888.65,17.5,0.0,5.29,4.02,2.0,4.5,7.75
789,1985.1,55.0,0.0,11.82,11.26,3.0,8.78,15.86
790,1890.0,46.5,0.0,11.25,10.53,2.6,8.4,16.21
791,975.9,21.75,0.2,5.81,4.4,2.25,5.0,8.34
792,917.6,21.0,0.0,5.46,4.3,1.95,4.75,8.0
793,1508.65,33.75,0.0,8.98,6.41,3.5,8.6,12.75
794,1324.95,25.5,0.0,7.89,6.02,3.44,7.22,11.25
795,1096.0,20.25,0.0,6.52,4.96,2.5,5.38,9.45
796,469.6,10.75,0.0,2.8,2.21,1.0,2.5,4.05
797,1174.1,26.25,0.0,6.99,5.73,2.0,6.12,10.42
798,880.55,18.6,0.0,5.24,4.1,1.94,4.5,7.56
799,2405.45,58.75,0.25,14.32,13.11,3.58,11.6,20.27
800,1115.2,28.0,0.0,6.64,5.42,2.5,5.45,9.1
801,990.6,19.5,0.0,5.9,4.14,2.48,5.25,8.76
802,1221.0,28.25,0.0,7.27,5.34,3.5,6.45,9.75
803,782.9,17.25,0.0,4.66,3.87,1.4,3.75,7.05
804,1108.6,22.5,0.0,6.6,4.58,3.25,6.2,8.64
805,1058.0,22.0,0.0,6.3,4.91,2.24,5.68,9.21
806,2573.1,58.0,0.0,15.32,11.99,6.15,14.5,19.62
807,630.9,12.0,0.0,3.76,2.61,1.36,3.75,6.0
808,3280.8,69.5,0.0,19.53,15.34,4.24,20.88,29.34
809,1245.0,20.0,0.0,7.41,5.33,2.4,7.5,11.52
810,633.05,12.5,0.0,3.77,2.78,1.58,3.5,5.43
811,574.25,16.0,0.0,3.42,3.26,1.15,2.68,4.64
812,514.3,15.75,0.0,3.06,3.05,0.8,2.25,4.25
813,2231.35,59.0,0.0,13.28,12.84,3.71,11.0,15.81
814,1193.7,24.5,0.0,7.11,5.25,2.15,6.78,10.05
815,6071.05,122.0,0.2,36.14,30.01,13.94,25.5,52.25
816,2427.55,59.75,0.0,14.45,11.81,5.75,11.2,21.4
817,1869.9,37.25,0.0,11.13,9.87,3.1,6.9,19.29
818,1817.05,32.25,0.2,10.82,9.29,3.42,7.2,18.0
819,2639.9,53.75,0.0,15.71,12.33,6.95,12.62,22.06
820,2354.7,65.0,0.0,14.02,12.94,4.6,9.5,20.25
821,1673.25,45.25,0.0,9.96,8.54,3.5,9.2,13.06
822,433.95,7.75,0.0,2.58,1.94,0.8,2.4,4.0
823,222.95,6.25,0.0,1.33,1.46,0.2,0.8,2.0
824,1320.9,29.25,0.0,7.86,6.88,2.44,5.78,11.62
825,2950.85,54.25,0.0,17.56,12.95,7.42,14.32,25.5
826,3316.2,69.75,0.25,19.74,16.39,5.36,16.48,29.85
827,1098.45,47.75,0.0,6.54,8.22,1.0,3.55,9.0
828,743.7,32.75,0.0,4.43,4.65,1.0,3.55,6.0
829,2021.6,55.75,0.0,12.03,9.92,4.36,11.68,16.5
830,1477.45,45.25,0.0,8.79,8.37,1.71,7.9,12.05
831,1989.2,42.0,0.2,11.84,9.45,3.66,9.5,19.5
832,1370.45,50.5,0.0,8.16,8.33,2.6,5.75,10.85
833,1617.15,33.75,0.2,9.63,7.22,3.75,8.25,14.42
834,995.7,17.75,0.0,5.93,4.39,1.75,5.45,9.0
835,2372.5,71.0,0.0,14.12,14.38,2.0,11.0,19.56
836,2367.05,46.5,0.0,14.09,10.77,4.95,13.0,20.75
837,798.95,15.75,0.0,4.76,3.93,1.25,3.55,7.21
838,1517.9,27.75,0.0,9.04,7.11,3.2,7.75,13.86
839,1594.75,37.25,0.0,9.49,8.01,2.0,7.9,13.52
840,1425.0,31.5,0.0,8.48,6.98,2.66,7.45,12.21
841,284.45,8.8,0.0,1.69,1.58,0.36,1.25,2.6
842,958.85,19.5,0.0,5.71,4.88,1.6,4.25,8.31
843,1097.55,16.2,0.0,6.53,4.07,2.75,7.0,9.43
844,2348.85,50.5,0.2,13.98,10.47,5.24,11.68,21.81
845,3546.15,49.25,0.75,21.11,13.54,10.3,20.0,32.34
846,979.4,93.75,0.0,5.83,10.7,0.2,2.5,7.75
847,1744.9,31.75,0.0,10.39,7.33,3.25,10.4,15.75
848,557.35,11.0,0.0,3.32,2.58,1.0,3.0,5.05
849,1301.8,21.75,0.0,7.75,5.69,2.19,7.78,12.42
850,2746.4,40.0,0.2,16.35,11.09,5.35,16.62,24.81
851,3197.3,61.25,0.6,19.03,14.73,5.19,19.88,28.12
852,6237.75,94.25,1.4,37.13,21.64,17.38,39.3,53.94
853,3477.9,50.75,0.2,20.7,13.74,6.24,23.22,31.06
854,551.9,19.75,0.0,3.29,3.89,0.6,2.0,4.39
855,1240.65,30.25,0.0,7.38,7.51,0.5,6.0,11.0
856,617.5,14.5,0.0,3.68,3.36,1.15,2.45,5.4
857,162.85,4.5,0.0,0.97,0.92,0.25,0.75,1.5
858,190.85,4.5,0.0,1.14,0.93,0.4,1.0,1.75
859,527.35,9.5,0.0,3.14,2.24,1.4,2.75,4.75
860,237.9,6.25,0.0,1.42,1.04,0.6,1.2,2.2
861,341.45,7.5,0.0,2.03,1.67,0.6,1.8,3.0
862,1346.1,23.25,0.0,8.01,5.29,3.25,8.0,11.42
863,163.2,3.25,0.0,0.97,0.82,0.25,0.75,1.5
864,87.3,3.5,0.0,0.52,0.59,0.0,0.4,0.75
865,713.65,17.0,0.4,4.25,2.54,2.25,3.5,5.64
866,130.7,3.5,0.0,0.78,0.66,0.25,0.6,1.2
867,55.0,10.25,0.0,0.33,1.01,0.0,0.0,0.25
868,20.65,1.0,0.0,0.12,0.19,0.0,0.0,0.25
869,178.55,3.5,0.0,1.06,0.72,0.5,1.0,1.4
870,45.4,1.75,0.0,0.27,0.34,0.0,0.2,0.5
871,255.15,4.2,0.0,1.52,0.9,0.8,1.32,2.0
872,21.15,1.0,0.0,0.13,0.19,0.0,0.0,0.25
873,425.25,6.75,0.0,2.53,1.42,1.36,2.6,3.5
874,169.6,4.0,0.0,1.01,0.77,0.5,1.0,1.4
875,265.35,5.5,0.0,1.58,1.07,0.79,1.5,2.2
876,204.4,4.25,0.0,1.22,0.87,0.5,1.0,1.8
877,248.5,4.75,0.0,1.48,0.97,0.75,1.4,2.0
878,171.65,5.0,0.0,1.02,0.93,0.25,0.8,1.5
879,558.0,8.75,0.0,3.32,1.8,1.8,3.2,4.31
880,581.6,7.6,0.0,3.46,1.86,2.0,3.22,4.85
881,33.2,3.0,0.0,0.2,0.36,0.0,0.0,0.25
882,18.05,1.0,0.0,0.11,0.18,0.0,0.0,0.2
883,1739.4,22.25,0.75,10.35,4.71,7.35,10.6,13.25
884,501.6,9.5,0.0,2.99,1.95,1.6,2.75,4.05
885,270.0,6.0,0.0,1.61,1.07,1.0,1.5,2.0
886,257.05,5.25,0.0,1.53,0.95,0.8,1.4,2.0
887,495.45,12.0,0.0,2.95,2.36,1.0,2.5,4.21
888,460.25,6.4,0.0,2.74,1.55,1.75,2.68,3.8
889,334.3,6.0,0.0,1.99,1.22,1.0,2.0,2.75
890,214.95,4.25,0.0,1.28,0.96,0.5,1.0,1.85
891,103.5,2.0,0.0,0.62,0.46,0.25,0.5,1.0
892,6.65,0.5,0.0,0.04,0.1,0.0,0.0,0.0
893,221.1,4.0,0.0,1.32,0.86,0.57,1.25,1.85
894,140.75,5.0,0.0,0.84,0.77,0.25,0.75,1.2
895,86.85,2.0,0.0,0.52,0.45,0.2,0.5,0.75
896,184.85,11.25,0.0,1.1,1.35,0.36,0.8,1.4
897,100.4,3.0,0.0,0.6,0.58,0.0,0.5,1.0
898,304.6,4.5,0.0,1.81,1.0,1.0,1.75,2.5
899,737.85,10.0,0.0,4.39,2.13,2.8,4.25,5.6
900,198.95,4.0,0.0,1.18,0.83,0.5,1.0,1.75
901,85.35,2.6,0.0,0.51,0.46,0.2,0.4,0.75
902,67.35,2.5,0.0,0.4,0.43,0.0,0.25,0.5
903,12.4,1.0,0.0,0.07,0.17,0.0,0.0,0.0
904,114.3,2.5,0.0,0.68,0.53,0.25,0.6,1.0
905,376.65,7.0,0.0,2.24,1.48,1.0,2.0,3.0
906,203.6,4.2,0.0,1.21,0.86,0.5,1.0,1.76
907,406.3,7.0,0.0,2.42,1.55,1.15,2.25,3.29
908,326.0,7.0,0.0,1.94,1.26,1.0,1.8,2.75
909,71.15,2.2,0.0,0.42,0.44,0.0,0.25,0.6
910,277.0,6.0,0.0,1.65,1.35,0.6,1.25,2.29
911,639.65,10.75,0.2,3.81,2.17,2.2,3.5,5.0
912,213.5,4.25,0.0,1.27,0.71,0.75,1.2,1.75
913,359.25,7.75,0.0,2.14,1.29,1.25,2.0,3.0
914,265.1,4.75,0.0,1.58,0.95,0.8,1.55,2.21
915,708.9,16.0,0.0,4.22,3.5,1.5,3.25,6.0
916,254.45,4.75,0.0,1.51,1.1,0.5,1.4,2.2
917,2639.7,57.5,0.4,15.71,12.45,6.38,13.25,21.31
918,2706.95,36.0,1.0,16.11,8.88,8.0,17.65,22.8
919,1353.2,22.25,0.5,8.05,4.91,4.2,7.22,11.5
920,861.8,22.25,0.25,5.13,4.49,1.71,4.0,7.21
921,2301.3,42.0,1.8,13.7,8.37,7.6,12.1,17.27
922,215.95,7.25,0.0,1.29,1.08,0.5,1.0,2.0
923,1027.0,15.75,0.2,6.11,4.1,3.0,5.0,9.21
924,4802.25,88.75,0.4,28.58,18.7,12.24,28.22,41.5
925,2294.25,37.75,0.0,13.66,9.35,6.28,12.5,19.62
926,273.45,7.0,0.0,1.63,1.54,0.25,1.25,2.5
927,1693.9,34.5,0.0,10.08,7.6,3.48,8.45,14.64
928,1601.25,35.75,0.2,9.53,8.09,3.58,6.6,13.05
929,1578.15,41.75,0.0,9.39,7.69,3.19,8.75,12.52
930,1260.65,22.25,0.0,7.5,5.59,2.44,7.0,11.45
931,448.55,9.5,0.0,2.67,1.97,1.0,2.55,4.0
932,1423.85,26.5,0.2,8.48,5.59,3.75,8.22,12.29
933,1871.75,47.25,0.0,11.14,8.42,4.69,10.5,15.29
934,1504.6,25.25,0.2,8.96,5.95,3.58,8.9,13.25
935,740.95,11.5,0.0,4.41,2.55,2.25,4.78,6.0
936,1252.75,28.5,0.0,7.46,5.51,3.0,6.9,10.75
937,1275.35,27.0,0.0,7.59,5.18,2.71,7.6,10.52
938,1458.3,28.5,0.0,8.68,5.26,5.09,8.8,11.31
939,1283.55,26.0,0.0,7.64,5.18,3.75,7.25,10.31
940,639.45,19.0,0.0,3.81,3.68,1.0,3.0,4.85
941,924.4,26.5,0.0,5.5,5.1,2.24,4.22,6.76
942,1251.55,32.0,0.0,7.45,6.19,2.71,6.25,9.75
943,2218.5,47.75,0.4,13.21,10.39,6.25,10.5,17.0
944,1580.3,38.25,0.0,9.41,9.04,2.48,6.45,12.76
945,1228.95,30.0,0.0,7.32,7.02,1.75,5.5,10.75
946,765.25,19.25,0.0,4.56,4.02,1.5,3.62,6.21
947,586.3,14.5,0.0,3.49,3.05,1.25,2.68,4.6
948,1332.3,30.75,0.0,7.93,7.08,1.79,6.25,12.05
949,615.4,12.5,0.0,3.66,2.77,1.5,3.22,5.21
950,1077.5,27.5,0.0,6.41,6.16,2.5,4.55,7.7
951,1203.05,27.0,0.0,7.16,5.85,2.48,6.55,9.52
952,1098.5,21.75,0.0,6.54,4.95,2.95,6.0,9.06
953,440.2,10.5,0.0,2.62,2.28,1.0,2.0,3.75
954,1102.7,19.0,0.0,6.56,4.26,3.24,6.4,9.25
955,978.2,16.0,0.0,5.82,3.91,2.44,6.0,8.0
956,866.65,15.25,0.0,5.16,4.0,1.4,4.75,7.85
957,762.25,13.5,0.0,4.54,3.05,2.15,4.5,6.4
958,1468.15,55.5,0.0,8.74,8.44,1.8,7.62,12.52
959,306.35,7.25,0.0,1.82,1.46,0.6,1.5,3.0
960,88.1,3.0,0.0,0.52,0.53,0.2,0.4,0.8
961,354.25,7.75,0.0,2.11,1.56,1.0,1.8,3.29
962,701.2,31.0,0.0,4.17,4.46,0.6,3.0,6.25
963,454.1,14.0,0.0,2.7,2.53,0.57,2.25,3.8
964,1862.8,40.5,0.0,11.09,8.73,3.79,10.0,16.0
965,762.9,16.0,0.0,4.54,3.28,1.75,4.55,6.29
966,329.65,7.75,0.0,1.96,1.77,0.4,1.6,2.64
967,239.3,9.75,0.0,1.42,1.72,0.2,0.8,2.0
968,441.8,11.75,0.0,2.63,2.78,0.25,1.5,4.29
969,117.75,6.25,0.0,0.7,0.75,0.25,0.5,1.0
970,174.3,3.5,0.0,1.04,0.85,0.25,0.8,1.5
971,398.8,10.4,0.0,2.37,1.84,0.95,2.2,3.25
972,244.1,8.75,0.0,1.45,1.4,0.5,1.2,2.0
973,268.8,7.75,0.0,1.6,1.59,0.25,1.25,2.52
974,1434.35,43.0,0.0,8.54,9.79,1.58,4.25,11.64
975,363.7,11.25,0.0,2.16,2.24,0.71,1.6,2.8
976,493.95,16.25,0.0,2.94,2.38,0.95,2.78,4.2
977,166.2,4.5,0.0,0.99,1.04,0.2,0.6,1.5
978,49.7,2.4,0.0,0.3,0.44,0.0,0.2,0.43
979,127.65,4.0,0.0,0.76,0.85,0.0,0.5,1.2
980,160.35,7.25,0.0,0.95,1.48,0.0,0.25,1.25
981,2343.05,34.75,0.6,13.95,8.69,6.79,12.88,20.29
