timestamp,drivers_candidate,rejections,expected_meeting_length,expected_meeting_duration,meeting_length,meeting_travel_time,expected_ride_length,expected_ride_duration,ride_length,ride_travel_time,timestamp_request,timestamp_pickup,timestamp_on_road,timestamp_end,expected_price,price,surge_multiplier
2,0,574.65,0.0,574.65,40.0,569.49,0.0,569.49,54.0,25.0,39.0,79.0,133.0,3.55,10.68,1.1
2,0,580.23,0.0,580.23,51.0,885.19,0.0,885.19,85.0,12.0,22.0,73.0,158.0,3.63,13.83,1
2,0,385.18,0.0,385.18,29.0,1457.55,0.0,1457.55,144.0,12.0,19.0,48.0,192.0,4.37,21.65,1
4,0,869.08,0.0,869.08,81.0,879.62,874.64,879.62,82.0,20.0,29.0,110.0,192.0,114.01,14.14,1.05
4,0,569.07,0.0,569.07,49.0,1163.11,0.0,1163.11,119.0,22.0,29.0,78.0,197.0,4.19,19.18,1.05
1,0,680.02,0.0,680.02,51.0,569.08,0.0,569.08,60.0,85.0,99.0,150.0,210.0,3.87,12.51,1.2
3,0,874.26,874.64,874.26,80.0,1168.47,874.64,1168.47,112.0,4.0,21.0,101.0,213.0,108.95,17.44,1
5,0,685.19,0.0,685.19,60.0,874.25,960.31,874.25,86.0,55.0,71.0,131.0,217.0,124.8,14.64,1.05
1,0,380.23,0.0,380.23,30.0,1862.87,960.31,1862.87,156.0,30.0,41.0,71.0,227.0,132.13,25.96,1.1
4,0,563.91,0.0,563.91,50.0,1268.68,874.64,1268.68,115.0,60.0,71.0,121.0,236.0,119.99,19.72,1.1
2,0,874.24,0.0,874.24,79.0,879.61,0.0,879.61,124.0,39.0,48.0,127.0,251.0,3.99,20.36,1.1
2,0,674.23,0.0,674.23,64.0,579.82,0.0,579.82,63.0,110.0,124.0,188.0,251.0,4.21,14.04,1.3
3,0,385.19,960.31,385.19,34.0,1558.35,874.64,1558.35,141.0,82.0,91.0,125.0,266.0,114.92,22.49,1.05
2,0,1279.82,960.31,1279.82,86.0,1174.65,960.31,1174.65,94.0,87.0,92.0,178.0,272.0,119.24,15.28,1
1,0,569.09,0.0,569.09,53.0,1263.52,874.64,1263.52,124.0,90.0,102.0,155.0,279.0,130.89,22.8,1.2
1,0,1468.44,960.31,1468.44,123.0,768.89,0.0,768.89,80.0,63.0,79.0,202.0,282.0,3.66,13.74,1.05
2,0,1163.31,874.64,1163.31,115.0,569.49,0.0,569.49,63.0,96.0,111.0,226.0,289.0,4.2,14.03,1.3
4,0,785.18,0.0,785.18,59.0,2040.84,874.64,2040.84,212.0,7.0,23.0,82.0,294.0,115.57,32.08,1.05
3,0,579.82,0.0,579.82,49.0,374.86,0.0,374.86,45.0,205.0,212.0,261.0,306.0,4.02,11.31,1.35
4,0,769.08,0.0,769.08,65.0,2057.3,960.31,2057.3,174.0,60.0,71.0,136.0,310.0,120.37,26.01,1
2,0,874.45,0.0,874.45,82.0,580.03,0.0,580.03,63.0,159.0,166.0,248.0,311.0,3.57,11.88,1.1
2,0,774.45,0.0,774.45,70.0,474.65,0.0,474.65,50.0,182.0,193.0,263.0,313.0,3.57,10.47,1.15
1,0,1641.38,0.0,1641.38,149.0,958.35,0.0,958.35,111.0,41.0,56.0,205.0,316.0,3.73,17.05,1
5,0,280.23,0.0,280.23,20.0,480.23,0.0,480.23,53.0,250.0,257.0,277.0,330.0,4.52,13.74,1.45
1,0,1752.14,960.31,1752.14,152.0,1268.88,874.64,1268.88,135.0,33.0,44.0,196.0,331.0,119.99,22.36,1.1
2,0,1474.04,874.64,1474.04,115.0,1761.49,874.64,1761.49,165.0,36.0,52.0,167.0,332.0,126.17,28.24,1.15
3,0,974.03,960.31,974.03,85.0,479.83,960.31,479.83,48.0,194.0,199.0,284.0,332.0,136.1,10.21,1.15
2,0,1269.09,0.0,1269.09,121.0,1935.17,960.31,1935.17,201.0,5.0,11.0,132.0,333.0,120.21,29.1,1
3,0,1073.84,0.0,1073.84,95.0,1474.75,960.31,1474.75,133.0,94.0,107.0,202.0,335.0,125.61,21.37,1.05
1,0,569.07,874.64,569.07,48.0,1474.66,874.64,1474.66,140.0,137.0,150.0,198.0,338.0,142.15,27.54,1.3
3,0,1157.75,874.64,1157.75,111.0,1951.56,874.64,1951.56,203.0,15.0,25.0,136.0,339.0,115.45,30.83,1.05
2,0,1168.28,0.0,1168.28,108.0,1357.54,0.0,1357.54,138.0,87.0,98.0,206.0,344.0,4.24,20.8,1
3,0,1968.47,874.64,1968.47,168.0,479.82,0.0,479.82,47.0,128.0,140.0,308.0,355.0,4.05,11.38,1.3
3,0,674.65,874.64,674.65,52.0,1568.68,0.0,1568.68,150.0,143.0,154.0,206.0,356.0,5.63,28.13,1.25
2,0,963.91,0.0,963.91,74.0,1462.76,0.0,1462.76,137.0,141.0,146.0,220.0,357.0,5.25,24.97,1.2
3,0,1373.64,874.64,1373.64,116.0,1163.49,0.0,1163.49,114.0,116.0,128.0,244.0,358.0,4.79,21.2,1.2
2,0,569.08,0.0,569.08,53.0,2735.39,960.31,2735.39,265.0,32.0,44.0,97.0,362.0,121.24,37.8,1
1,0,1467.12,874.64,1467.12,133.0,1541.83,874.64,1541.83,155.0,67.0,76.0,209.0,364.0,120.37,25.38,1.1
3,0,1069.09,0.0,1069.09,100.0,674.66,0.0,674.66,65.0,194.0,201.0,301.0,366.0,3.87,12.84,1.15
1,0,474.46,0.0,474.46,43.0,1063.28,0.0,1063.28,109.0,209.0,219.0,262.0,371.0,5.21,22.87,1.35
2,0,1152.54,960.31,1152.54,108.0,369.49,0.0,369.49,39.0,218.0,226.0,334.0,373.0,3.42,8.8,1.15
1,0,1080.02,960.31,1080.02,93.0,1663.51,874.64,1663.51,190.0,76.0,91.0,184.0,374.0,115.06,28.8,1.05
3,0,985.39,0.0,985.39,103.0,1152.64,960.31,1152.64,115.0,152.0,157.0,260.0,375.0,149.02,22.22,1.25
2,0,469.29,0.0,469.29,45.0,1157.75,874.64,1157.75,128.0,191.0,205.0,250.0,378.0,152.51,27.08,1.4
1,0,679.82,0.0,679.82,51.0,1774.45,1218.24,1774.45,151.0,169.0,180.0,231.0,382.0,166.06,25.18,1.1
1,0,774.03,0.0,774.03,73.0,674.44,0.0,674.44,64.0,233.0,245.0,318.0,382.0,3.87,12.7,1.15
1,0,673.07,0.0,673.07,61.0,980.96,0.0,980.96,96.0,216.0,227.0,288.0,384.0,5.45,22.15,1.45
3,0,580.23,0.0,580.23,41.0,1541.38,0.0,1541.38,158.0,179.0,188.0,229.0,387.0,6.04,31.63,1.35
4,0,385.19,0.0,385.19,31.0,1274.66,960.31,1274.66,107.0,241.0,253.0,284.0,391.0,137.27,19.52,1.15
3,0,669.08,0.0,669.08,59.0,1758.87,874.64,1758.87,179.0,143.0,155.0,214.0,393.0,137.13,32.79,1.25
2,0,1579.82,874.64,1579.82,143.0,1769.08,874.64,1769.08,174.0,62.0,76.0,219.0,393.0,131.66,30.77,1.2
4,0,979.82,0.0,979.82,87.0,484.98,0.0,484.98,54.0,243.0,258.0,345.0,399.0,4.37,13.44,1.4
1,0,2024.64,960.31,2024.64,211.0,1463.72,874.64,1463.72,151.0,27.0,41.0,252.0,403.0,109.33,22.49,1
1,0,1663.31,960.31,1663.31,138.0,1074.75,960.31,1074.75,91.0,166.0,175.0,313.0,404.0,131.02,16.28,1.1
3,0,674.26,0.0,674.26,62.0,2035.59,960.31,2035.59,222.0,109.0,122.0,184.0,406.0,144.41,38.09,1.2
6,0,574.25,0.0,574.25,53.0,479.82,0.0,479.82,50.0,293.0,305.0,358.0,408.0,4.52,13.22,1.45
2,0,580.03,0.0,580.03,48.0,880.03,874.64,880.03,87.0,266.0,276.0,324.0,411.0,157.45,20.4,1.45
2,0,374.86,0.0,374.86,32.0,1557.91,0.0,1557.91,164.0,207.0,217.0,249.0,413.0,5.17,27.8,1.15
1,0,780.02,0.0,780.02,69.0,674.86,0.0,674.86,62.0,272.0,282.0,351.0,413.0,4.04,12.96,1.2
4,0,579.61,0.0,579.61,51.0,285.6,0.0,285.6,27.0,334.0,339.0,390.0,417.0,3.73,7.94,1.3
7,0,474.86,0.0,474.86,39.0,285.39,0.0,285.39,29.0,343.0,351.0,390.0,419.0,4.15,9.2,1.45
7,0,769.07,960.31,769.07,63.0,874.44,0.0,874.44,91.0,255.0,267.0,330.0,421.0,4.16,16.72,1.15
3,0,1746.33,960.31,1746.33,163.0,674.03,0.0,674.03,70.0,179.0,190.0,353.0,423.0,3.87,13.53,1.15
4,0,1168.88,0.0,1168.88,97.0,868.89,0.0,868.89,87.0,230.0,244.0,341.0,428.0,5.24,20.38,1.45
2,0,869.49,874.64,869.49,83.0,1963.7,960.31,1963.7,178.0,156.0,169.0,252.0,430.0,162.34,35.6,1.35
3,0,574.23,0.0,574.23,54.0,1851.92,960.31,1851.92,186.0,184.0,193.0,247.0,433.0,138.12,31.27,1.15
3,0,868.89,0.0,868.89,87.0,569.09,0.0,569.09,72.0,265.0,274.0,361.0,433.0,4.68,17.21,1.45
6,0,492.39,0.0,492.39,43.0,1358.65,874.64,1358.65,125.0,257.0,266.0,309.0,434.0,125.57,22.12,1.15
4,0,580.03,0.0,580.03,49.0,869.29,0.0,869.29,75.0,302.0,316.0,365.0,440.0,4.15,14.5,1.15
2,0,2131.65,874.64,2131.65,214.0,1067.11,0.0,1067.11,113.0,105.0,116.0,330.0,443.0,5.03,22.65,1.3
7,0,479.83,0.0,479.83,48.0,774.65,0.0,774.65,88.0,292.0,308.0,356.0,444.0,4.89,19.67,1.4
2,0,1079.62,0.0,1079.62,84.0,2540.97,960.31,2540.97,251.0,107.0,114.0,198.0,449.0,145.19,43.05,1.2
13,0,180.23,0.0,180.23,10.0,280.03,0.0,280.03,35.0,392.0,406.0,416.0,451.0,3.72,9.18,1.3
5,0,874.86,0.0,874.86,77.0,1485.18,960.31,1485.18,114.0,261.0,271.0,348.0,462.0,137.58,20.79,1.15
1,0,2046.54,960.31,2046.54,180.0,1347.17,960.31,1347.17,135.0,134.0,149.0,329.0,464.0,131.41,22.47,1.1
5,0,185.6,0.0,185.6,16.0,1874.04,1218.24,1874.04,185.0,258.0,266.0,282.0,467.0,219.08,39.29,1.45
7,0,274.86,0.0,274.86,24.0,1284.77,874.64,1284.77,136.0,296.0,307.0,331.0,467.0,158.2,29.67,1.45
1,0,1774.44,0.0,1774.44,172.0,2563.29,960.31,2563.29,254.0,29.0,43.0,215.0,469.0,133.12,39.89,1.1
2,0,479.62,0.0,479.62,52.0,1369.09,874.64,1369.09,138.0,267.0,282.0,334.0,472.0,158.35,30.18,1.45
1,0,1174.65,960.31,1174.65,88.0,2447.19,1218.24,2447.19,207.0,163.0,179.0,267.0,474.0,167.0,33.52,1.1
5,0,379.82,874.64,379.82,34.0,1936.07,874.64,1936.07,199.0,239.0,245.0,279.0,478.0,159.41,41.84,1.45
8,0,474.86,0.0,474.86,31.0,663.7,0.0,663.7,68.0,371.0,380.0,411.0,479.0,4.35,14.96,1.3
6,0,474.45,0.0,474.45,51.0,969.29,0.0,969.29,103.0,317.0,327.0,378.0,481.0,4.3,18.52,1.15
4,0,1463.32,874.64,1463.32,134.0,674.24,0.0,674.24,73.0,262.0,274.0,408.0,481.0,4.04,14.55,1.2
6,0,680.23,0.0,680.23,48.0,1568.66,874.64,1568.66,129.0,298.0,305.0,353.0,482.0,153.25,27.98,1.4
9,0,480.23,0.0,480.23,41.0,569.49,0.0,569.49,57.0,367.0,384.0,425.0,482.0,4.52,14.1,1.4
1,0,769.07,0.0,769.07,64.0,1368.48,874.64,1368.48,134.0,270.0,286.0,350.0,484.0,158.35,29.48,1.45
4,0,569.29,0.0,569.29,54.0,1663.31,874.64,1663.31,164.0,262.0,268.0,322.0,486.0,158.9,35.25,1.45
8,0,280.23,0.0,280.23,20.0,1169.08,874.64,1169.08,98.0,358.0,369.0,389.0,487.0,157.98,22.85,1.45
5,0,479.62,0.0,479.62,44.0,1279.4,960.31,1279.4,109.0,322.0,337.0,381.0,490.0,137.28,19.8,1.15
8,0,585.39,0.0,585.39,49.0,663.72,874.64,663.72,69.0,359.0,373.0,422.0,491.0,151.63,16.28,1.4
3,0,863.52,0.0,863.52,76.0,1746.34,960.31,1746.34,178.0,231.0,242.0,318.0,496.0,137.97,30.01,1.15
5,0,874.24,0.0,874.24,64.0,1268.67,874.64,1268.67,107.0,316.0,328.0,392.0,499.0,152.71,23.75,1.4
4,0,1646.55,960.31,1646.55,148.0,968.48,0.0,968.48,95.0,243.0,256.0,404.0,499.0,4.3,17.41,1.15
3,0,1063.92,0.0,1063.92,120.0,369.49,0.0,369.49,50.0,329.0,334.0,454.0,504.0,3.57,10.77,1.2
2,0,1274.05,874.64,1274.05,104.0,2629.8,960.31,2629.8,259.0,133.0,142.0,246.0,505.0,145.32,44.34,1.2
2,0,1851.97,874.64,1851.97,201.0,680.02,0.0,680.02,75.0,218.0,231.0,432.0,507.0,4.55,16.7,1.35
9,0,679.62,0.0,679.62,106.0,485.19,0.0,485.19,52.0,341.0,349.0,455.0,507.0,4.37,13.11,1.4
6,0,469.29,0.0,469.29,39.0,1752.17,874.64,1752.17,175.0,289.0,303.0,342.0,517.0,131.64,30.89,1.2
25,0,585.19,874.64,585.19,37.0,674.65,0.0,674.65,59.0,411.0,422.0,459.0,518.0,4.71,14.62,1.4
19,0,385.19,0.0,385.19,33.0,674.05,0.0,674.05,70.0,402.0,418.0,451.0,521.0,3.87,13.53,1.15
12,0,580.03,0.0,580.03,57.0,674.86,0.0,674.86,66.0,384.0,399.0,456.0,522.0,4.88,16.36,1.45
3,0,1352.38,874.64,1352.38,146.0,485.19,0.0,485.19,53.0,326.0,334.0,480.0,533.0,4.37,13.27,1.4
1,0,1468.87,0.0,1468.87,147.0,1752.37,874.64,1752.37,185.0,196.0,202.0,349.0,534.0,126.15,30.98,1.15
7,0,669.08,960.31,669.08,54.0,1163.08,960.31,1163.08,120.0,350.0,360.0,414.0,534.0,137.11,21.15,1.15
2,0,2657.54,1218.24,2657.54,208.0,880.03,960.31,880.03,72.0,244.0,254.0,462.0,534.0,136.69,14.11,1.15
3,0,1469.08,960.31,1469.08,118.0,2363.31,1218.24,2363.31,204.0,205.0,216.0,334.0,538.0,174.47,34.51,1.15
2,0,1368.66,0.0,1368.66,126.0,780.23,960.31,780.23,65.0,330.0,347.0,473.0,538.0,154.36,14.69,1.3
4,0,1063.71,874.64,1063.71,94.0,1263.11,874.64,1263.11,122.0,312.0,326.0,420.0,542.0,158.16,27.2,1.45
27,0,374.66,0.0,374.66,28.0,1069.07,0.0,1069.07,92.0,412.0,426.0,454.0,546.0,4.45,17.14,1.15
6,0,374.65,0.0,374.65,37.0,2051.71,960.31,2051.71,245.0,252.0,266.0,303.0,548.0,168.51,48.34,1.4
27,0,469.28,0.0,469.28,41.0,786.81,0.0,786.81,80.0,414.0,428.0,469.0,549.0,4.91,18.35,1.4
12,0,958.33,0.0,958.33,87.0,569.28,0.0,569.28,57.0,389.0,405.0,492.0,549.0,4.52,14.1,1.4
8,0,1069.28,960.31,1069.28,82.0,963.52,0.0,963.52,97.0,364.0,375.0,457.0,554.0,4.29,17.68,1.15
36,0,374.66,0.0,374.66,29.0,668.88,0.0,668.88,78.0,443.0,448.0,477.0,555.0,4.87,18.44,1.45
38,0,380.23,0.0,380.23,27.0,674.03,960.31,674.03,67.0,456.0,464.0,491.0,558.0,136.39,13.11,1.15
3,0,1352.13,960.31,1352.13,115.0,1652.33,960.31,1652.33,161.0,276.0,286.0,401.0,562.0,137.83,27.53,1.15
6,0,769.08,0.0,769.08,64.0,1368.67,874.64,1368.67,138.0,351.0,361.0,425.0,563.0,141.97,27.06,1.3
3,0,2457.7,1218.24,2457.7,212.0,1546.96,960.31,1546.96,159.0,187.0,200.0,412.0,571.0,137.67,27.09,1.15
39,0,280.23,874.64,280.23,22.0,774.45,874.64,774.45,72.0,466.0,480.0,502.0,574.0,157.25,17.59,1.45
4,0,474.46,0.0,474.46,46.0,3207.9,960.31,3207.9,323.0,203.0,209.0,255.0,578.0,164.49,61.24,1.35
29,0,564.12,0.0,564.12,53.0,869.28,0.0,869.28,91.0,426.0,436.0,489.0,580.0,5.24,21.07,1.45
4,0,569.49,0.0,569.49,48.0,2329.69,874.64,2329.69,248.0,279.0,285.0,333.0,581.0,160.14,51.1,1.45
27,0,1052.76,960.31,1052.76,99.0,680.02,0.0,680.02,61.0,417.0,425.0,524.0,585.0,3.88,12.29,1.15
2,0,2263.12,1218.24,2263.12,192.0,2246.14,960.31,2246.14,230.0,159.0,164.0,356.0,586.0,132.67,36.27,1.1
1,0,2068.26,960.31,2068.26,192.0,1551.71,960.31,1551.71,168.0,211.0,226.0,418.0,586.0,137.68,28.34,1.15
39,0,185.6,0.0,185.6,29.0,679.82,0.0,679.82,75.0,473.0,482.0,511.0,586.0,3.88,14.23,1.15
7,0,570.84,0.0,570.84,54.0,2156.17,874.64,2156.17,225.0,296.0,308.0,362.0,587.0,132.26,38.71,1.2
29,0,474.86,0.0,474.86,46.0,1168.87,874.64,1168.87,108.0,426.0,435.0,481.0,589.0,152.53,23.74,1.4
3,0,885.39,0.0,885.39,80.0,1657.74,874.64,1657.74,169.0,326.0,342.0,422.0,591.0,142.45,32.37,1.3
30,0,579.62,0.0,579.62,55.0,968.68,0.0,968.68,103.0,424.0,439.0,494.0,597.0,5.42,23.34,1.45
34,0,564.12,0.0,564.12,55.0,974.46,874.64,974.46,90.0,437.0,453.0,508.0,598.0,157.62,21.09,1.45
12,0,569.28,0.0,569.28,56.0,1568.45,960.31,1568.45,152.0,384.0,393.0,449.0,601.0,167.64,31.85,1.4
41,1,479.61,0.0,479.61,45.0,785.6,874.64,785.6,62.0,471.0,500.0,545.0,607.0,157.27,15.87,1.45
43,0,586.53,0.0,586.53,46.0,778.24,0.0,778.24,70.0,485.0,494.0,540.0,610.0,5.07,17.25,1.45
41,0,564.12,0.0,564.12,51.0,663.91,0.0,663.91,70.0,477.0,490.0,541.0,611.0,4.35,15.27,1.3
38,0,280.23,0.0,280.23,17.0,1368.87,960.31,1368.87,125.0,464.0,471.0,488.0,613.0,137.41,22.14,1.15
8,0,969.09,874.64,969.09,87.0,1641.24,874.64,1641.24,172.0,349.0,355.0,442.0,614.0,158.86,36.6,1.45
37,0,564.12,0.0,564.12,47.0,1069.08,0.0,1069.08,109.0,446.0,459.0,506.0,615.0,5.42,23.73,1.4
41,0,380.23,0.0,380.23,31.0,980.02,960.31,980.02,94.0,476.0,491.0,522.0,616.0,136.84,17.29,1.15
52,0,274.86,0.0,274.86,20.0,779.82,0.0,779.82,72.0,515.0,525.0,545.0,617.0,4.02,13.96,1.15
39,1,763.91,0.0,763.91,73.0,469.49,0.0,469.49,54.0,466.0,494.0,567.0,621.0,4.34,13.41,1.4
42,2,280.23,0.0,280.23,18.0,968.86,960.31,968.86,91.0,482.0,516.0,534.0,625.0,136.82,16.86,1.15
8,0,874.02,0.0,874.02,79.0,1957.55,874.64,1957.55,184.0,346.0,363.0,442.0,626.0,159.45,39.27,1.45
2,0,2441.17,960.31,2441.17,229.0,2146.55,960.31,2146.55,200.0,191.0,200.0,429.0,629.0,138.56,33.63,1.15
8,0,469.49,0.0,469.49,37.0,2537.4,1218.24,2537.4,236.0,342.0,357.0,394.0,630.0,174.73,39.18,1.15
10,0,376.41,0.0,376.41,38.0,2148.51,874.64,2148.51,209.0,378.0,387.0,425.0,634.0,159.8,43.98,1.45
8,1,1058.33,0.0,1058.33,126.0,1157.5,0.0,1157.5,118.0,371.0,393.0,519.0,637.0,5.57,25.4,1.4
33,0,564.12,0.0,564.12,54.0,1652.78,874.64,1652.78,138.0,438.0,446.0,500.0,638.0,158.88,30.7,1.45
27,0,484.98,0.0,484.98,63.0,1574.24,874.64,1574.24,136.0,428.0,442.0,505.0,641.0,158.73,30.21,1.45
5,0,2134.97,960.31,2134.97,237.0,574.25,0.0,574.25,67.0,324.0,338.0,575.0,642.0,3.72,12.97,1.15
39,0,581.85,960.31,581.85,56.0,1074.54,874.64,1074.54,110.0,472.0,478.0,534.0,644.0,141.48,22.2,1.3
51,0,479.62,0.0,479.62,46.0,874.05,960.31,874.05,88.0,500.0,513.0,559.0,647.0,136.68,16.31,1.15
61,0,484.99,0.0,484.99,41.0,474.65,0.0,474.65,50.0,553.0,559.0,600.0,650.0,4.51,13.21,1.45
8,0,574.65,0.0,574.65,53.0,2235.8,960.31,2235.8,220.0,364.0,378.0,431.0,651.0,138.69,36.53,1.15
12,0,564.12,0.0,564.12,54.0,2268.67,1218.24,2268.67,207.0,387.0,403.0,457.0,664.0,219.81,43.85,1.45
27,0,958.12,960.31,958.12,90.0,1352.13,960.31,1352.13,141.0,428.0,434.0,524.0,665.0,137.39,24.32,1.15
51,0,379.82,0.0,379.82,41.0,1281.44,0.0,1281.44,111.0,499.0,513.0,554.0,665.0,5.8,24.44,1.4
53,0,663.92,0.0,663.92,57.0,569.08,0.0,569.08,65.0,533.0,544.0,601.0,666.0,3.71,12.68,1.15
27,0,474.45,0.0,474.45,57.0,1557.34,874.64,1557.34,181.0,417.0,432.0,489.0,670.0,158.7,38.01,1.45
62,0,584.98,0.0,584.98,47.0,585.19,0.0,585.19,67.0,551.0,561.0,608.0,675.0,4.71,16.37,1.45
7,0,1940.75,960.31,1940.75,195.0,969.09,0.0,969.09,97.0,373.0,386.0,581.0,678.0,4.3,17.69,1.15
65,0,469.49,0.0,469.49,33.0,679.81,0.0,679.81,63.0,569.0,583.0,616.0,679.0,4.38,14.21,1.3
39,1,574.86,0.0,574.86,45.0,1368.45,960.31,1368.45,168.0,455.0,469.0,514.0,682.0,137.41,28.07,1.15
36,0,769.18,0.0,769.18,78.0,1460.37,874.64,1460.37,146.0,444.0,460.0,538.0,684.0,142.12,28.46,1.3
38,0,380.02,0.0,380.02,32.0,1863.07,960.31,1863.07,193.0,459.0,464.0,496.0,689.0,168.17,39.26,1.4
66,0,285.39,0.0,285.39,43.0,574.65,0.0,574.65,63.0,573.0,583.0,626.0,689.0,4.53,15.11,1.4
26,0,569.08,960.31,569.08,55.0,1940.76,0.0,1940.76,207.0,413.0,429.0,484.0,691.0,6.48,38.77,1.3
24,0,180.23,0.0,180.23,14.0,2424.02,960.31,2424.02,252.0,409.0,427.0,441.0,693.0,138.97,41.22,1.15
27,0,469.29,0.0,469.29,47.0,2147.0,874.64,2147.0,217.0,417.0,431.0,478.0,695.0,159.8,45.37,1.45
27,0,569.49,0.0,569.49,51.0,1752.12,960.31,1752.12,222.0,417.0,424.0,475.0,697.0,137.98,36.09,1.15
11,0,1163.29,0.0,1163.29,108.0,2130.22,960.31,2130.22,200.0,382.0,391.0,499.0,699.0,138.53,33.61,1.15
12,0,968.86,0.0,968.86,97.0,1930.43,960.31,1930.43,204.0,389.0,399.0,496.0,700.0,138.24,33.87,1.15
5,0,1662.91,874.64,1662.91,169.0,1846.2,874.64,1846.2,223.0,300.0,309.0,478.0,701.0,153.75,44.27,1.4
55,0,569.08,0.0,569.08,70.0,868.88,0.0,868.88,100.0,526.0,533.0,603.0,703.0,5.06,21.86,1.4
1,0,2751.91,1218.24,2751.91,249.0,3235.21,1218.24,3235.21,327.0,119.0,130.0,379.0,706.0,160.47,48.18,1.05
51,0,189.4,0.0,189.4,9.0,2046.55,960.31,2046.55,195.0,495.0,502.0,511.0,706.0,156.46,37.08,1.3
3,0,1658.33,960.31,1658.33,160.0,1957.33,874.64,1957.33,239.0,303.0,310.0,470.0,709.0,131.95,40.42,1.2
72,0,564.12,0.0,564.12,47.0,484.98,0.0,484.98,60.0,594.0,610.0,657.0,717.0,4.37,14.45,1.4
39,0,769.28,960.31,769.28,81.0,1574.65,0.0,1574.65,181.0,451.0,460.0,541.0,722.0,5.87,34.11,1.3
42,0,484.98,0.0,484.98,47.0,1751.5,0.0,1751.5,198.0,478.0,483.0,530.0,728.0,6.64,39.9,1.4
64,0,374.65,0.0,374.65,35.0,769.28,0.0,769.28,70.0,608.0,624.0,659.0,729.0,4.01,13.67,1.15
43,0,485.19,0.0,485.19,48.0,1852.33,960.31,1852.33,185.0,487.0,498.0,546.0,731.0,138.12,31.13,1.15
61,0,285.39,0.0,285.39,22.0,1352.78,874.64,1352.78,151.0,553.0,559.0,581.0,732.0,141.94,29.06,1.3
43,0,672.88,0.0,672.88,59.0,1747.54,0.0,1747.54,188.0,483.0,491.0,550.0,738.0,5.45,31.39,1.15
11,0,484.98,0.0,484.98,39.0,2929.6,960.31,2929.6,310.0,376.0,391.0,430.0,740.0,170.08,60.83,1.4
37,1,469.28,0.0,469.28,43.0,1752.78,874.64,1752.78,220.0,460.0,477.0,520.0,740.0,142.61,40.49,1.3
59,0,564.12,874.64,564.12,60.0,1159.7,874.64,1159.7,133.0,539.0,551.0,611.0,744.0,152.52,27.92,1.4
72,0,664.12,0.0,664.12,60.0,879.6,0.0,879.6,84.0,589.0,603.0,663.0,747.0,5.08,19.19,1.4
69,0,285.39,0.0,285.39,24.0,779.62,0.0,779.62,80.0,637.0,643.0,667.0,747.0,4.02,15.06,1.15
70,0,374.65,0.0,374.65,25.0,974.65,960.31,974.65,77.0,642.0,649.0,674.0,751.0,136.83,14.94,1.15
68,0,664.12,0.0,664.12,54.0,974.65,0.0,974.65,107.0,586.0,591.0,645.0,752.0,4.31,19.08,1.15
54,1,674.86,0.0,674.86,59.0,1468.86,874.64,1468.86,130.0,532.0,564.0,623.0,753.0,153.07,27.97,1.4
41,1,474.45,0.0,474.45,46.0,2152.77,874.64,2152.77,203.0,477.0,506.0,552.0,755.0,159.81,42.94,1.45
66,2,963.91,0.0,963.91,91.0,474.66,0.0,474.66,52.0,581.0,613.0,704.0,756.0,4.35,13.09,1.4
60,0,469.49,0.0,469.49,38.0,1857.54,874.64,1857.54,165.0,546.0,554.0,592.0,757.0,159.26,35.78,1.45
60,0,469.49,0.0,469.49,44.0,1757.74,874.64,1757.74,163.0,546.0,552.0,596.0,759.0,159.07,35.25,1.45
71,0,280.23,960.31,280.23,19.0,1563.92,874.64,1563.92,135.0,597.0,610.0,629.0,764.0,142.3,26.91,1.3
61,0,579.61,0.0,579.61,58.0,1168.68,874.64,1168.68,145.0,555.0,562.0,620.0,765.0,141.64,27.81,1.3
69,0,484.98,0.0,484.98,42.0,774.46,0.0,774.46,85.0,630.0,641.0,683.0,768.0,4.89,19.17,1.4
67,0,285.39,0.0,285.39,25.0,1657.54,874.64,1657.54,162.0,568.0,584.0,609.0,771.0,153.41,33.69,1.4
73,0,379.82,0.0,379.82,31.0,1179.61,0.0,1179.61,134.0,592.0,606.0,637.0,771.0,5.61,28.13,1.4
66,1,763.52,0.0,763.52,69.0,574.45,0.0,574.45,61.0,624.0,642.0,711.0,772.0,3.72,12.14,1.15
62,0,280.03,0.0,280.03,19.0,1252.78,0.0,1252.78,130.0,612.0,627.0,646.0,776.0,4.72,22.66,1.15
87,0,285.39,0.0,285.39,30.0,474.65,0.0,474.65,53.0,687.0,696.0,726.0,779.0,4.35,13.25,1.4
64,0,563.91,0.0,563.91,58.0,774.25,0.0,774.25,99.0,611.0,624.0,682.0,781.0,4.89,21.52,1.4
7,0,1179.81,874.64,1179.81,123.0,2940.15,1218.24,2940.15,283.0,360.0,376.0,499.0,782.0,221.05,58.32,1.45
64,0,663.92,0.0,663.92,63.0,1074.66,874.64,1074.66,97.0,617.0,622.0,685.0,782.0,152.36,21.72,1.4
66,0,758.54,0.0,758.54,67.0,1568.86,960.31,1568.86,137.0,573.0,579.0,646.0,783.0,137.71,24.09,1.15
39,0,285.39,0.0,285.39,24.0,2924.23,960.31,2924.23,278.0,479.0,485.0,509.0,787.0,170.07,55.44,1.4
2,0,2859.09,1218.24,2859.09,276.0,1952.33,960.31,1952.33,203.0,306.0,315.0,591.0,794.0,138.27,33.76,1.15
90,0,185.39,0.0,185.39,14.0,779.41,0.0,779.41,81.0,694.0,699.0,713.0,794.0,4.9,18.5,1.4
69,0,563.92,0.0,563.92,52.0,958.54,0.0,958.54,90.0,637.0,653.0,705.0,795.0,5.22,20.34,1.4
69,0,374.65,0.0,374.65,32.0,1162.91,874.64,1162.91,126.0,636.0,641.0,673.0,799.0,152.52,26.75,1.4
54,0,569.08,0.0,569.08,61.0,1835.8,960.31,1835.8,197.0,527.0,543.0,604.0,801.0,156.11,37.04,1.3
63,0,180.23,0.0,180.23,10.0,1775.99,874.64,1775.99,181.0,606.0,611.0,621.0,802.0,142.65,34.44,1.3
71,0,180.23,0.0,180.23,14.0,1374.05,874.64,1374.05,138.0,645.0,652.0,666.0,804.0,141.98,27.06,1.3
72,1,963.5,960.31,963.5,93.0,968.68,0.0,968.68,94.0,594.0,619.0,712.0,806.0,4.3,17.27,1.15
67,0,564.12,0.0,564.12,48.0,1168.26,960.31,1168.26,125.0,627.0,635.0,683.0,808.0,137.12,21.84,1.15
61,0,484.98,0.0,484.98,48.0,1651.71,0.0,1651.71,201.0,548.0,561.0,609.0,810.0,6.0,37.35,1.3
67,0,484.98,0.0,484.98,67.0,1474.45,874.64,1474.45,165.0,568.0,580.0,647.0,812.0,158.55,35.07,1.45
63,1,658.54,0.0,658.54,68.0,1669.08,874.64,1669.08,155.0,574.0,590.0,658.0,813.0,142.47,30.21,1.3
61,1,569.07,0.0,569.07,55.0,1763.09,0.0,1763.09,197.0,544.0,570.0,625.0,822.0,6.18,36.92,1.3
50,0,763.91,874.64,763.91,76.0,1674.45,0.0,1674.45,233.0,501.0,514.0,590.0,823.0,6.5,45.64,1.4
91,0,469.49,0.0,469.49,35.0,1079.82,0.0,1079.82,94.0,686.0,697.0,732.0,826.0,5.44,21.23,1.4
71,0,285.39,0.0,285.39,27.0,1951.71,0.0,1951.71,202.0,588.0,602.0,629.0,831.0,7.0,40.93,1.4
64,0,479.82,874.64,479.82,47.0,1458.35,874.64,1458.35,161.0,617.0,623.0,670.0,831.0,158.52,34.35,1.45
91,0,380.23,0.0,380.23,25.0,1181.65,960.31,1181.65,113.0,686.0,694.0,719.0,832.0,137.14,20.21,1.15
97,1,784.99,0.0,784.99,61.0,480.02,0.0,480.02,48.0,703.0,724.0,785.0,833.0,4.36,12.42,1.4
65,0,484.99,874.64,484.99,49.0,2179.61,960.31,2179.61,198.0,578.0,588.0,637.0,835.0,168.74,40.67,1.4
74,0,274.86,0.0,274.86,25.0,1680.95,874.64,1680.95,149.0,659.0,665.0,690.0,839.0,153.45,31.54,1.4
63,0,863.7,0.0,863.7,82.0,1352.38,0.0,1352.38,134.0,609.0,623.0,705.0,839.0,4.87,23.36,1.15
101,0,569.29,0.0,569.29,60.0,380.02,0.0,380.02,48.0,727.0,732.0,792.0,840.0,4.18,12.24,1.4
111,0,469.49,0.0,469.49,39.0,285.39,0.0,285.39,42.0,757.0,764.0,803.0,845.0,4.15,11.46,1.45
125,0,185.4,0.0,185.4,9.0,374.86,0.0,374.86,42.0,788.0,794.0,803.0,845.0,3.43,9.22,1.15
2,0,3124.47,1218.24,3124.47,325.0,1746.54,960.31,1746.54,177.0,331.0,344.0,669.0,846.0,137.97,29.87,1.15
43,0,969.79,0.0,969.79,94.0,2344.97,0.0,2344.97,257.0,484.0,498.0,592.0,849.0,7.7,50.88,1.4
100,0,480.02,960.31,480.02,34.0,863.5,960.31,863.5,86.0,724.0,731.0,765.0,851.0,136.67,16.01,1.15
94,0,563.91,0.0,563.91,50.0,863.72,0.0,863.72,94.0,699.0,711.0,761.0,855.0,5.05,20.84,1.4
89,0,385.19,0.0,385.19,29.0,1574.25,874.64,1574.25,137.0,679.0,693.0,722.0,859.0,142.31,27.24,1.3
53,0,484.99,0.0,484.99,47.0,2040.82,874.64,2040.82,285.0,514.0,529.0,576.0,861.0,143.09,51.11,1.3
101,0,574.25,0.0,574.25,66.0,674.45,874.64,674.45,77.0,710.0,718.0,784.0,861.0,157.06,18.27,1.45
103,0,385.19,0.0,385.19,41.0,780.23,0.0,780.23,78.0,736.0,743.0,784.0,862.0,4.9,18.0,1.4
87,0,285.6,0.0,285.6,16.0,1469.08,0.0,1469.08,163.0,672.0,684.0,700.0,863.0,5.69,31.12,1.3
100,1,380.03,0.0,380.03,35.0,684.98,0.0,684.98,84.0,728.0,744.0,779.0,863.0,4.9,19.51,1.45
114,0,385.19,0.0,385.19,31.0,469.49,0.0,469.49,50.0,768.0,783.0,814.0,864.0,4.5,13.2,1.45
100,1,469.28,0.0,469.28,45.0,758.54,0.0,758.54,89.0,712.0,733.0,778.0,867.0,5.03,20.52,1.45
94,0,180.23,0.0,180.23,11.0,1452.78,874.64,1452.78,146.0,700.0,711.0,722.0,868.0,158.51,31.73,1.45
111,0,484.98,0.0,484.98,38.0,585.19,0.0,585.19,61.0,757.0,770.0,808.0,869.0,3.74,12.15,1.15
91,0,474.86,0.0,474.86,41.0,1468.89,874.64,1468.89,138.0,686.0,691.0,732.0,870.0,158.54,30.36,1.45
71,0,469.28,0.0,469.28,45.0,2119.27,960.31,2119.27,240.0,587.0,593.0,638.0,878.0,138.52,39.11,1.15
65,0,469.29,0.0,469.29,38.0,1946.13,960.31,1946.13,231.0,603.0,612.0,650.0,881.0,138.26,37.62,1.15
121,0,285.19,0.0,285.19,27.0,680.02,960.31,680.02,66.0,777.0,788.0,815.0,881.0,136.4,12.98,1.15
51,0,663.92,0.0,663.92,60.0,3205.7,960.31,3205.7,307.0,499.0,515.0,575.0,882.0,170.58,60.82,1.4
105,0,658.55,0.0,658.55,66.0,469.29,0.0,469.29,56.0,743.0,761.0,827.0,883.0,4.03,12.77,1.3
127,0,474.66,0.0,474.66,38.0,474.66,0.0,474.66,51.0,784.0,797.0,835.0,886.0,3.57,10.61,1.15
88,0,484.98,0.0,484.98,57.0,968.45,874.64,968.45,128.0,691.0,702.0,759.0,887.0,157.61,27.69,1.45
71,0,959.9,0.0,959.9,103.0,1183.4,960.31,1183.4,127.0,645.0,657.0,760.0,887.0,137.14,22.14,1.15
65,0,389.6,0.0,389.6,26.0,2515.45,960.31,2515.45,289.0,562.0,578.0,604.0,893.0,139.1,46.46,1.15
12,0,968.66,0.0,968.66,100.0,3318.43,960.31,3318.43,393.0,386.0,402.0,502.0,895.0,170.78,75.47,1.4
127,0,369.49,0.0,369.49,32.0,574.86,0.0,574.86,66.0,783.0,797.0,829.0,895.0,4.69,16.18,1.45
110,0,469.49,0.0,469.49,52.0,774.45,0.0,774.45,83.0,756.0,761.0,813.0,896.0,5.06,19.5,1.45
61,1,469.49,0.0,469.49,35.0,2340.35,960.31,2340.35,231.0,614.0,634.0,669.0,900.0,169.03,46.5,1.4
101,0,274.86,0.0,274.86,18.0,1579.4,874.64,1579.4,164.0,710.0,726.0,744.0,908.0,142.32,31.46,1.3
125,0,658.55,0.0,658.55,64.0,180.23,0.0,180.23,25.0,811.0,823.0,887.0,912.0,3.55,7.45,1.3
112,0,479.82,0.0,479.82,38.0,1061.94,0.0,1061.94,105.0,764.0,776.0,814.0,919.0,5.4,23.04,1.4
127,0,380.03,0.0,380.03,37.0,774.23,0.0,774.23,85.0,784.0,798.0,835.0,920.0,4.54,17.8,1.3
67,1,679.61,0.0,679.61,62.0,2246.4,874.64,2246.4,274.0,560.0,586.0,648.0,922.0,143.43,49.73,1.3
65,0,478.86,0.0,478.86,45.0,2515.14,874.64,2515.14,289.0,578.0,592.0,637.0,926.0,160.48,58.58,1.45
125,0,469.29,0.0,469.29,47.0,764.12,0.0,764.12,87.0,786.0,796.0,843.0,930.0,4.87,19.49,1.4
134,0,180.23,0.0,180.23,9.0,374.86,0.0,374.86,59.0,856.0,862.0,871.0,930.0,4.32,14.59,1.45
110,0,285.39,0.0,285.39,21.0,1452.37,874.64,1452.37,150.0,753.0,761.0,782.0,932.0,153.04,31.3,1.4
125,0,285.4,0.0,285.4,20.0,1068.87,0.0,1068.87,113.0,796.0,805.0,825.0,938.0,5.42,24.4,1.4
92,0,374.65,0.0,374.65,30.0,2058.12,1218.24,2058.12,217.0,685.0,692.0,722.0,939.0,174.02,35.85,1.15
128,0,374.86,0.0,374.86,28.0,858.54,0.0,858.54,89.0,817.0,822.0,850.0,939.0,4.68,18.56,1.3
103,0,670.62,0.0,670.62,62.0,1388.99,874.64,1388.99,126.0,738.0,753.0,815.0,941.0,152.93,27.16,1.4
66,0,669.28,0.0,669.28,53.0,2940.35,960.31,2940.35,305.0,573.0,584.0,637.0,942.0,139.73,49.29,1.15
101,1,674.86,0.0,674.86,58.0,1163.28,960.31,1163.28,121.0,731.0,763.0,821.0,942.0,137.11,21.29,1.15
100,0,285.2,0.0,285.2,23.0,1951.92,960.31,1951.92,199.0,717.0,723.0,746.0,945.0,138.27,33.21,1.15
126,0,185.6,874.64,185.6,7.0,963.29,874.64,963.29,100.0,825.0,838.0,845.0,945.0,157.6,22.81,1.45
106,0,484.99,0.0,484.99,44.0,1480.03,874.64,1480.03,152.0,741.0,750.0,794.0,946.0,158.56,32.82,1.45
135,0,180.23,0.0,180.23,8.0,569.08,0.0,569.08,75.0,855.0,863.0,871.0,946.0,4.68,17.73,1.45
65,0,479.82,0.0,479.82,37.0,3212.65,960.31,3212.65,297.0,601.0,613.0,650.0,947.0,140.13,48.59,1.15
127,0,185.6,0.0,185.6,11.0,969.07,0.0,969.07,120.0,809.0,816.0,827.0,947.0,5.24,25.4,1.4
88,0,663.92,0.0,663.92,62.0,2174.34,960.31,2174.34,205.0,674.0,681.0,743.0,948.0,138.6,34.37,1.15
100,1,379.81,0.0,379.81,34.0,1735.81,960.31,1735.81,186.0,712.0,728.0,762.0,948.0,137.95,31.1,1.15
104,0,474.66,0.0,474.66,41.0,1758.33,960.31,1758.33,176.0,723.0,731.0,772.0,948.0,167.98,36.22,1.4
90,0,669.29,0.0,669.29,53.0,2062.69,874.64,2062.69,204.0,677.0,692.0,745.0,949.0,143.13,38.51,1.3
129,0,469.49,0.0,469.49,43.0,479.82,0.0,479.82,56.0,834.0,850.0,893.0,949.0,3.58,11.31,1.15
126,0,563.92,0.0,563.92,50.0,683.61,0.0,683.61,71.0,826.0,842.0,892.0,963.0,4.89,17.25,1.45
123,0,474.66,0.0,474.66,44.0,963.7,0.0,963.7,115.0,797.0,805.0,849.0,964.0,4.29,20.16,1.15
103,1,564.12,0.0,564.12,57.0,1369.07,874.64,1369.07,143.0,736.0,767.0,824.0,967.0,158.35,31.05,1.45
126,0,385.39,0.0,385.39,24.0,1163.72,0.0,1163.72,107.0,829.0,836.0,860.0,967.0,4.59,19.35,1.15
91,2,1157.74,0.0,1157.74,120.0,1168.87,0.0,1168.87,115.0,686.0,736.0,856.0,971.0,4.6,20.47,1.15
126,0,484.99,0.0,484.99,41.0,1168.45,960.31,1168.45,100.0,823.0,830.0,871.0,971.0,137.12,18.39,1.15
127,0,185.4,0.0,185.4,17.0,1163.7,960.31,1163.7,125.0,820.0,830.0,847.0,972.0,154.99,24.69,1.3
108,0,658.54,0.0,658.54,67.0,1179.61,0.0,1179.61,144.0,750.0,762.0,829.0,973.0,5.61,29.81,1.4
112,0,669.29,0.0,669.29,79.0,1058.55,0.0,1058.55,116.0,764.0,779.0,858.0,974.0,5.4,24.88,1.4
141,0,374.86,0.0,374.86,40.0,485.19,0.0,485.19,66.0,869.0,876.0,916.0,982.0,4.06,14.35,1.3
119,0,280.02,0.0,280.02,25.0,380.03,0.0,380.03,39.0,912.0,919.0,944.0,983.0,4.18,10.73,1.4
142,1,374.86,0.0,374.86,30.0,668.86,960.31,668.86,69.0,877.0,896.0,926.0,995.0,136.38,13.38,1.15
109,0,574.25,0.0,574.25,51.0,1451.92,960.31,1451.92,188.0,748.0,758.0,809.0,997.0,137.53,30.96,1.15
142,0,369.49,0.0,369.49,37.0,674.45,0.0,674.45,73.0,885.0,894.0,931.0,1004.0,4.37,15.76,1.3
140,0,180.23,874.64,180.23,16.0,964.12,874.64,964.12,84.0,894.0,907.0,923.0,1007.0,157.6,20.03,1.45
136,0,563.91,0.0,563.91,50.0,968.87,0.0,968.87,96.0,854.0,863.0,913.0,1009.0,5.24,21.36,1.4
117,0,285.39,0.0,285.39,23.0,574.46,0.0,574.46,61.0,914.0,926.0,949.0,1010.0,3.72,12.14,1.15
102,1,384.98,0.0,384.98,30.0,2158.34,1218.24,2158.34,220.0,733.0,761.0,791.0,1011.0,219.6,45.91,1.45
141,0,586.61,0.0,586.61,52.0,774.96,0.0,774.96,72.0,880.0,890.0,942.0,1014.0,4.54,15.77,1.3
139,0,569.28,0.0,569.28,45.0,768.87,0.0,768.87,79.0,885.0,892.0,937.0,1016.0,4.88,18.15,1.4
140,0,469.49,0.0,469.49,41.0,758.55,0.0,758.55,76.0,892.0,899.0,940.0,1016.0,4.51,16.37,1.3
139,0,768.68,0.0,768.68,69.0,874.24,0.0,874.24,87.0,851.0,863.0,932.0,1019.0,4.16,16.17,1.15
142,1,185.4,0.0,185.4,10.0,769.29,0.0,769.29,100.0,898.0,914.0,924.0,1024.0,5.05,22.45,1.45
120,0,484.98,0.0,484.98,50.0,569.29,0.0,569.29,59.0,906.0,917.0,967.0,1026.0,4.68,14.95,1.45
121,0,185.39,0.0,185.39,26.0,1735.8,960.31,1735.8,190.0,798.0,812.0,838.0,1028.0,137.95,31.65,1.15
113,1,574.65,0.0,574.65,48.0,1651.51,960.31,1651.51,189.0,769.0,792.0,840.0,1029.0,137.83,31.39,1.15
90,0,285.39,0.0,285.39,24.0,2846.37,1218.24,2846.37,326.0,677.0,685.0,709.0,1035.0,175.18,52.05,1.15
138,0,479.82,0.0,479.82,46.0,963.91,0.0,963.91,131.0,852.0,858.0,904.0,1035.0,5.23,27.24,1.4
122,0,564.12,0.0,564.12,44.0,879.82,0.0,879.82,77.0,901.0,914.0,958.0,1035.0,4.17,14.8,1.15
123,0,180.23,0.0,180.23,8.0,663.92,0.0,663.92,68.0,947.0,959.0,967.0,1035.0,4.69,16.11,1.4
140,0,469.49,0.0,469.49,41.0,1058.12,0.0,1058.12,117.0,865.0,878.0,919.0,1036.0,5.4,25.05,1.4
127,0,469.28,0.0,469.28,44.0,1541.44,874.64,1541.44,173.0,816.0,823.0,867.0,1040.0,158.67,36.59,1.45
117,0,579.82,0.0,579.82,61.0,469.29,0.0,469.29,55.0,914.0,930.0,991.0,1046.0,4.03,12.61,1.3
140,0,385.19,960.31,385.19,29.0,1557.51,960.31,1557.51,157.0,848.0,864.0,893.0,1050.0,137.69,26.83,1.15
104,1,774.66,0.0,774.66,62.0,2363.31,1218.24,2363.31,248.0,723.0,742.0,804.0,1052.0,174.47,40.58,1.15
126,1,469.49,0.0,469.49,36.0,1641.39,960.31,1641.39,170.0,821.0,847.0,883.0,1053.0,137.81,28.75,1.15
119,0,180.23,0.0,180.23,9.0,1057.95,0.0,1057.95,123.0,913.0,921.0,930.0,1053.0,5.59,26.99,1.45
138,0,280.02,0.0,280.02,28.0,1468.87,0.0,1468.87,165.0,845.0,861.0,889.0,1054.0,6.13,33.85,1.4
141,0,564.12,0.0,564.12,54.0,958.13,0.0,958.13,104.0,880.0,896.0,950.0,1054.0,5.22,22.69,1.4
115,0,285.39,874.64,285.39,15.0,1273.83,874.64,1273.83,112.0,920.0,929.0,944.0,1056.0,158.18,25.48,1.45
139,0,374.66,0.0,374.66,33.0,1652.33,960.31,1652.33,163.0,846.0,861.0,894.0,1057.0,137.83,27.8,1.15
127,0,658.75,0.0,658.75,63.0,1552.17,874.64,1552.17,169.0,809.0,826.0,889.0,1058.0,142.28,32.2,1.3
125,0,185.6,0.0,185.6,12.0,2156.37,874.64,2156.37,233.0,805.0,814.0,826.0,1059.0,143.28,43.19,1.3
126,0,474.45,874.64,474.45,43.0,2535.6,1218.24,2535.6,214.0,796.0,808.0,851.0,1065.0,220.3,45.57,1.45
120,1,569.07,0.0,569.07,60.0,763.52,874.64,763.52,81.0,906.0,924.0,984.0,1065.0,151.81,18.48,1.4
114,0,369.49,0.0,369.49,28.0,974.05,874.64,974.05,103.0,930.0,937.0,965.0,1068.0,157.62,23.35,1.45
127,0,474.44,0.0,474.44,41.0,479.62,0.0,479.62,60.0,962.0,974.0,1015.0,1075.0,4.52,14.96,1.45
114,0,574.45,0.0,574.45,72.0,585.6,0.0,585.6,63.0,930.0,946.0,1018.0,1081.0,4.22,14.05,1.3
140,0,474.86,0.0,474.86,42.0,1546.54,960.31,1546.54,162.0,865.0,878.0,920.0,1082.0,155.63,31.1,1.3
75,0,660.09,0.0,660.09,64.0,3218.85,960.31,3218.85,359.0,653.0,660.0,724.0,1083.0,170.6,69.58,1.4
140,0,469.49,0.0,469.49,47.0,1652.57,874.64,1652.57,183.0,847.0,854.0,901.0,1084.0,142.44,34.55,1.3
128,0,385.19,0.0,385.19,32.0,1868.25,0.0,1868.25,209.0,832.0,846.0,878.0,1087.0,6.85,41.96,1.4
128,0,280.02,0.0,280.02,20.0,580.03,0.0,580.03,58.0,997.0,1010.0,1030.0,1088.0,4.22,13.26,1.3
141,0,569.08,0.0,569.08,52.0,1457.14,0.0,1457.14,162.0,868.0,876.0,928.0,1090.0,5.02,27.38,1.15
114,0,564.12,0.0,564.12,43.0,2635.39,960.31,2635.39,271.0,768.0,777.0,820.0,1091.0,169.55,53.75,1.4
113,0,369.49,0.0,369.49,35.0,1157.74,0.0,1157.74,119.0,926.0,937.0,972.0,1091.0,5.57,25.57,1.4
126,2,779.41,0.0,779.41,71.0,2079.92,960.31,2079.92,191.0,796.0,830.0,901.0,1092.0,138.46,32.29,1.15
116,0,185.39,0.0,185.39,10.0,1465.67,874.64,1465.67,154.0,923.0,929.0,939.0,1093.0,158.53,33.14,1.45
64,0,469.29,0.0,469.29,42.0,1452.58,874.64,1452.58,427.0,611.0,627.0,669.0,1096.0,158.51,80.62,1.45
130,0,280.03,0.0,280.03,20.0,868.86,0.0,868.86,89.0,987.0,993.0,1013.0,1102.0,4.15,16.44,1.15
96,0,665.46,0.0,665.46,60.0,3222.85,960.31,3222.85,326.0,702.0,717.0,777.0,1103.0,170.61,64.04,1.4
130,0,479.82,0.0,479.82,43.0,580.02,0.0,580.02,54.0,996.0,1006.0,1049.0,1103.0,4.54,13.61,1.4
142,0,180.23,0.0,180.23,16.0,1857.5,960.31,1857.5,182.0,898.0,910.0,926.0,1108.0,168.16,37.4,1.4
141,0,280.02,0.0,280.02,18.0,2252.15,1218.24,2252.15,197.0,880.0,896.0,914.0,1111.0,174.31,33.38,1.15
119,1,379.82,0.0,379.82,33.0,1563.52,874.64,1563.52,149.0,911.0,933.0,966.0,1115.0,158.71,32.45,1.45
129,0,575.78,0.0,575.78,51.0,867.52,0.0,867.52,86.0,968.0,979.0,1030.0,1116.0,5.24,20.2,1.45
130,1,564.12,0.0,564.12,53.0,679.81,874.64,679.81,70.0,966.0,993.0,1046.0,1116.0,151.66,16.48,1.4
127,1,379.82,0.0,379.82,38.0,869.49,0.0,869.49,99.0,956.0,980.0,1018.0,1117.0,5.24,22.46,1.45
116,0,379.83,0.0,379.83,34.0,1362.87,960.31,1362.87,139.0,933.0,950.0,984.0,1123.0,155.33,27.2,1.3
131,0,564.12,0.0,564.12,47.0,679.62,0.0,679.62,82.0,979.0,994.0,1041.0,1123.0,4.89,19.15,1.45
124,0,674.45,0.0,674.45,59.0,2846.75,960.31,2846.75,276.0,780.0,795.0,854.0,1130.0,169.93,54.97,1.4
132,0,374.65,0.0,374.65,37.0,874.05,874.64,874.05,101.0,983.0,996.0,1033.0,1134.0,152.01,22.03,1.4
70,0,885.19,0.0,885.19,83.0,3712.65,960.31,3712.65,411.0,633.0,641.0,724.0,1135.0,140.86,65.06,1.15
142,0,469.49,0.0,469.49,46.0,1574.44,0.0,1574.44,185.0,898.0,906.0,952.0,1137.0,6.32,37.4,1.4
142,0,569.08,0.0,569.08,57.0,1736.07,874.64,1736.07,174.0,898.0,906.0,963.0,1137.0,159.03,37.12,1.45
136,0,569.08,0.0,569.08,60.0,384.99,0.0,384.99,43.0,1020.0,1034.0,1094.0,1137.0,3.44,9.38,1.15
142,0,369.49,0.0,369.49,37.0,1946.03,960.31,1946.03,204.0,885.0,898.0,935.0,1139.0,168.32,41.26,1.4
136,0,374.65,0.0,374.65,31.0,574.45,0.0,574.45,59.0,1033.0,1049.0,1080.0,1139.0,4.53,14.44,1.4
126,0,379.82,0.0,379.82,30.0,1063.52,0.0,1063.52,108.0,999.0,1005.0,1035.0,1143.0,5.41,23.55,1.4
128,0,185.39,0.0,185.39,8.0,1268.86,874.64,1268.86,123.0,997.0,1013.0,1021.0,1144.0,152.71,26.44,1.4
127,0,185.4,0.0,185.4,14.0,1468.26,874.64,1468.26,162.0,962.0,970.0,984.0,1146.0,142.14,30.97,1.3
129,1,563.92,0.0,563.92,60.0,863.72,0.0,863.72,103.0,951.0,983.0,1043.0,1146.0,5.05,22.35,1.4
126,0,469.49,0.0,469.49,41.0,1080.03,960.31,1080.03,99.0,1004.0,1015.0,1056.0,1155.0,136.99,18.13,1.15
137,0,185.4,0.0,185.4,18.0,968.87,0.0,968.87,101.0,1032.0,1038.0,1056.0,1157.0,4.86,20.62,1.3
134,1,474.65,960.31,474.65,42.0,769.49,960.31,769.49,75.0,1026.0,1045.0,1087.0,1162.0,154.34,16.23,1.3
142,0,569.08,0.0,569.08,61.0,2040.98,960.31,2040.98,209.0,877.0,893.0,954.0,1163.0,138.4,34.72,1.15
138,0,1270.62,960.31,1270.62,122.0,1278.03,960.31,1278.03,150.0,886.0,897.0,1019.0,1169.0,137.28,25.46,1.15
113,0,584.77,0.0,584.77,52.0,1648.16,0.0,1648.16,169.0,935.0,949.0,1001.0,1170.0,5.3,28.62,1.15
135,0,480.23,0.0,480.23,42.0,2224.43,960.31,2224.43,264.0,856.0,867.0,909.0,1173.0,138.67,42.58,1.15
141,0,569.08,0.0,569.08,58.0,385.19,0.0,385.19,52.0,1058.0,1067.0,1125.0,1177.0,4.34,13.39,1.45
124,0,469.49,0.0,469.49,43.0,1274.45,874.64,1274.45,130.0,999.0,1006.0,1049.0,1179.0,158.18,28.61,1.45
115,0,469.49,0.0,469.49,42.0,1935.87,874.64,1935.87,207.0,916.0,931.0,973.0,1180.0,153.91,41.75,1.4
141,0,569.29,0.0,569.29,57.0,479.82,0.0,479.82,49.0,1070.0,1075.0,1132.0,1181.0,4.36,12.59,1.4
126,0,479.82,0.0,479.82,41.0,1552.33,960.31,1552.33,167.0,969.0,975.0,1016.0,1183.0,137.68,28.21,1.15
138,0,480.23,0.0,480.23,26.0,1262.88,0.0,1262.88,114.0,1040.0,1045.0,1071.0,1185.0,5.76,24.92,1.4
113,0,474.45,0.0,474.45,47.0,1735.8,0.0,1735.8,185.0,936.0,954.0,1001.0,1186.0,6.14,35.0,1.3
136,0,280.02,0.0,280.02,21.0,1457.53,874.64,1457.53,146.0,1019.0,1026.0,1047.0,1193.0,153.05,30.64,1.4
129,0,469.49,0.0,469.49,41.0,1643.38,874.64,1643.38,178.0,968.0,975.0,1016.0,1194.0,153.38,36.35,1.4
148,0,180.23,0.0,180.23,9.0,979.82,874.64,979.82,100.0,1097.0,1103.0,1112.0,1212.0,157.63,22.84,1.45
116,0,384.99,0.0,384.99,38.0,2134.97,960.31,2134.97,238.0,923.0,937.0,975.0,1213.0,138.54,38.86,1.15
120,0,484.98,0.0,484.98,40.0,2329.81,960.31,2329.81,217.0,945.0,957.0,997.0,1214.0,138.83,36.25,1.15
127,0,469.28,0.0,469.28,43.0,1841.17,960.31,1841.17,196.0,962.0,975.0,1018.0,1214.0,138.11,32.63,1.15
130,0,385.19,0.0,385.19,37.0,1842.59,960.31,1842.59,210.0,966.0,981.0,1018.0,1228.0,138.11,34.57,1.15
130,0,564.12,0.0,564.12,56.0,1452.33,960.31,1452.33,170.0,996.0,1002.0,1058.0,1228.0,167.43,34.66,1.4
134,0,479.62,0.0,479.62,43.0,1763.52,874.64,1763.52,149.0,1024.0,1038.0,1081.0,1230.0,159.08,32.82,1.45
151,0,185.4,0.0,185.4,7.0,1179.83,874.64,1179.83,103.0,1115.0,1121.0,1128.0,1231.0,152.55,22.92,1.4
141,1,285.19,0.0,285.19,32.0,869.07,0.0,869.07,110.0,1076.0,1095.0,1127.0,1237.0,5.24,24.38,1.45
137,1,469.28,0.0,469.28,50.0,1074.45,874.64,1074.45,110.0,1054.0,1078.0,1128.0,1238.0,157.81,24.76,1.45
133,0,469.49,0.0,469.49,54.0,1069.49,0.0,1069.49,123.0,1049.0,1063.0,1117.0,1240.0,5.03,24.22,1.3
127,0,374.65,0.0,374.65,34.0,2219.49,960.31,2219.49,229.0,962.0,980.0,1014.0,1243.0,138.66,37.74,1.15
121,0,385.19,0.0,385.19,26.0,3229.19,960.31,3229.19,308.0,904.0,914.0,940.0,1248.0,170.62,61.03,1.4
137,0,564.12,0.0,564.12,48.0,1252.38,874.64,1252.38,130.0,1054.0,1070.0,1118.0,1248.0,152.68,27.58,1.4
155,0,484.99,0.0,484.99,43.0,669.07,0.0,669.07,71.0,1127.0,1134.0,1177.0,1248.0,4.87,17.22,1.45
146,1,564.12,0.0,564.12,49.0,858.54,0.0,858.54,89.0,1089.0,1118.0,1167.0,1256.0,5.22,20.7,1.45
135,1,574.86,0.0,574.86,45.0,1252.54,874.64,1252.54,145.0,1042.0,1071.0,1116.0,1261.0,158.14,31.18,1.45
143,0,658.55,0.0,658.55,64.0,974.05,0.0,974.05,100.0,1085.0,1097.0,1161.0,1261.0,5.43,22.83,1.45
136,0,484.99,0.0,484.99,62.0,1462.91,874.64,1462.91,176.0,1019.0,1030.0,1092.0,1268.0,158.53,36.96,1.45
155,1,579.82,0.0,579.82,46.0,869.28,0.0,869.28,88.0,1129.0,1145.0,1191.0,1279.0,4.15,16.3,1.15
163,0,369.49,0.0,369.49,31.0,668.86,0.0,668.86,97.0,1147.0,1160.0,1191.0,1288.0,4.7,20.99,1.4
136,1,280.23,0.0,280.23,18.0,1752.37,874.64,1752.37,205.0,1051.0,1067.0,1085.0,1290.0,142.61,38.15,1.3
147,0,185.6,0.0,185.6,14.0,1358.14,874.64,1358.14,174.0,1092.0,1102.0,1116.0,1290.0,141.95,32.65,1.3
140,0,384.98,0.0,384.98,33.0,1857.1,960.31,1857.1,172.0,1079.0,1088.0,1121.0,1293.0,138.13,29.34,1.15
162,0,569.29,874.64,569.29,51.0,774.86,0.0,774.86,81.0,1149.0,1163.0,1214.0,1295.0,5.06,19.16,1.45
161,0,669.08,0.0,669.08,60.0,763.52,0.0,763.52,80.0,1144.0,1158.0,1218.0,1298.0,4.0,15.04,1.15
155,0,469.28,0.0,469.28,44.0,1268.66,874.64,1268.66,128.0,1120.0,1127.0,1171.0,1299.0,158.17,28.25,1.45
136,0,469.28,0.0,469.28,48.0,1747.0,874.64,1747.0,222.0,1020.0,1031.0,1079.0,1301.0,142.6,40.79,1.3
141,0,185.6,0.0,185.6,104.0,963.92,0.0,963.92,113.0,1073.0,1084.0,1188.0,1301.0,5.41,25.08,1.45
147,0,385.39,0.0,385.39,26.0,1751.71,960.31,1751.71,172.0,1095.0,1112.0,1138.0,1310.0,137.98,29.19,1.15
161,0,569.49,0.0,569.49,52.0,1080.02,874.64,1080.02,103.0,1144.0,1157.0,1209.0,1312.0,152.37,22.74,1.4
160,0,584.78,0.0,584.78,63.0,674.25,0.0,674.25,70.0,1166.0,1180.0,1243.0,1313.0,4.88,17.06,1.45
152,0,185.39,0.0,185.39,21.0,1652.58,874.64,1652.58,158.0,1132.0,1140.0,1161.0,1319.0,158.88,34.18,1.45
141,0,564.12,0.0,564.12,45.0,2252.15,1218.24,2252.15,203.0,1063.0,1074.0,1119.0,1322.0,174.31,34.2,1.15
160,1,584.98,0.0,584.98,51.0,1074.25,960.31,1074.25,106.0,1140.0,1165.0,1216.0,1322.0,136.98,19.08,1.15
148,0,185.6,0.0,185.6,9.0,579.41,0.0,579.41,66.0,1242.0,1250.0,1259.0,1325.0,4.21,14.51,1.3
161,0,280.02,0.0,280.02,24.0,1269.29,0.0,1269.29,134.0,1162.0,1171.0,1195.0,1329.0,5.77,28.29,1.4
164,0,469.28,0.0,469.28,49.0,769.09,874.64,769.09,78.0,1193.0,1202.0,1251.0,1329.0,157.24,18.62,1.45
164,0,484.98,0.0,484.98,47.0,663.91,874.64,663.91,83.0,1191.0,1203.0,1250.0,1333.0,157.04,19.3,1.45
150,0,569.07,874.64,569.07,46.0,574.25,874.64,574.25,55.0,1224.0,1235.0,1281.0,1336.0,156.88,14.26,1.45
140,0,285.39,0.0,285.39,16.0,1951.56,874.64,1951.56,240.0,1079.0,1084.0,1100.0,1340.0,142.94,43.94,1.3
148,0,474.45,0.0,474.45,44.0,374.65,0.0,374.65,41.0,1247.0,1261.0,1305.0,1346.0,4.17,11.06,1.4
161,0,569.28,0.0,569.28,52.0,1258.15,0.0,1258.15,124.0,1159.0,1172.0,1224.0,1348.0,4.73,21.84,1.15
161,1,469.29,0.0,469.29,46.0,985.19,0.0,985.19,108.0,1175.0,1195.0,1241.0,1349.0,5.27,23.41,1.4
128,1,374.86,0.0,374.86,32.0,2913.27,960.31,2913.27,300.0,997.0,1019.0,1051.0,1351.0,170.05,59.12,1.4
139,0,479.82,0.0,479.82,52.0,2225.85,874.64,2225.85,258.0,1037.0,1042.0,1094.0,1352.0,143.4,47.2,1.3
136,1,574.45,0.0,574.45,61.0,1652.16,874.64,1652.16,216.0,1047.0,1077.0,1138.0,1354.0,142.44,39.7,1.3
147,0,384.98,0.0,384.98,37.0,580.03,0.0,580.03,56.0,1255.0,1266.0,1303.0,1359.0,3.73,11.46,1.15
141,0,180.23,0.0,180.23,9.0,374.86,0.0,374.86,42.0,1294.0,1308.0,1317.0,1359.0,4.17,11.23,1.4
148,1,474.65,0.0,474.65,45.0,579.83,0.0,579.83,71.0,1230.0,1244.0,1289.0,1360.0,4.7,17.06,1.45
146,0,374.65,0.0,374.65,41.0,2124.85,960.31,2124.85,208.0,1098.0,1112.0,1153.0,1361.0,156.59,39.23,1.3
153,0,474.45,0.0,474.45,42.0,2052.33,960.31,2052.33,180.0,1131.0,1146.0,1188.0,1368.0,138.42,30.74,1.15
149,0,185.6,0.0,185.6,21.0,1080.02,874.64,1080.02,104.0,1239.0,1246.0,1267.0,1371.0,152.37,22.91,1.4
143,0,569.08,0.0,569.08,51.0,2241.59,1218.24,2241.59,231.0,1085.0,1092.0,1143.0,1374.0,174.29,38.05,1.15
148,0,569.08,0.0,569.08,47.0,1846.13,960.31,1846.13,205.0,1110.0,1126.0,1173.0,1378.0,138.11,33.88,1.15
149,0,180.23,0.0,180.23,11.0,1247.21,0.0,1247.21,139.0,1225.0,1230.0,1241.0,1380.0,5.74,29.09,1.4
148,0,769.07,0.0,769.07,68.0,1074.26,0.0,1074.26,99.0,1201.0,1214.0,1282.0,1381.0,4.46,18.12,1.15
162,1,479.82,0.0,479.82,53.0,1252.75,0.0,1252.75,137.0,1175.0,1193.0,1246.0,1383.0,5.74,28.76,1.4
162,0,479.62,0.0,479.62,48.0,1763.29,1218.24,1763.29,149.0,1180.0,1190.0,1238.0,1387.0,218.87,32.82,1.45
141,0,185.6,0.0,185.6,8.0,785.09,0.0,785.09,85.0,1294.0,1299.0,1307.0,1392.0,4.91,19.19,1.4
147,0,569.28,0.0,569.28,59.0,768.87,0.0,768.87,87.0,1243.0,1251.0,1310.0,1397.0,5.05,20.19,1.45
149,0,379.82,0.0,379.82,40.0,1374.04,960.31,1374.04,127.0,1225.0,1237.0,1277.0,1404.0,137.42,22.42,1.15
162,0,669.49,0.0,669.49,54.0,2146.75,960.31,2146.75,199.0,1149.0,1154.0,1208.0,1407.0,138.56,33.5,1.15
147,0,380.23,0.0,380.23,29.0,1441.8,0.0,1441.8,145.0,1228.0,1235.0,1264.0,1409.0,6.08,30.44,1.4
143,0,180.23,0.0,180.23,11.0,1357.5,960.31,1357.5,122.0,1268.0,1276.0,1287.0,1409.0,167.26,26.43,1.4
148,0,474.66,0.0,474.66,40.0,1368.86,960.31,1368.86,153.0,1206.0,1217.0,1257.0,1410.0,155.34,29.4,1.3
149,0,469.29,0.0,469.29,44.0,1169.07,874.64,1169.07,100.0,1250.0,1266.0,1310.0,1410.0,157.98,23.19,1.45
164,0,185.6,0.0,185.6,15.0,1730.43,0.0,1730.43,199.0,1188.0,1202.0,1217.0,1416.0,5.42,32.88,1.15
164,0,563.92,0.0,563.92,62.0,1674.25,874.64,1674.25,149.0,1191.0,1207.0,1269.0,1418.0,158.92,32.66,1.45
165,1,379.82,0.0,379.82,40.0,1657.72,960.31,1657.72,184.0,1186.0,1206.0,1246.0,1430.0,137.84,30.71,1.15
142,0,374.86,0.0,374.86,28.0,774.45,874.64,774.45,77.0,1331.0,1338.0,1366.0,1443.0,151.83,17.82,1.4
142,0,474.66,0.0,474.66,40.0,564.12,0.0,564.12,61.0,1331.0,1342.0,1382.0,1443.0,3.71,12.12,1.15
134,0,574.66,0.0,574.66,54.0,2635.18,960.31,2635.18,329.0,1043.0,1061.0,1115.0,1444.0,139.28,52.16,1.15
162,0,480.03,0.0,480.03,41.0,2252.77,1218.24,2252.77,226.0,1165.0,1177.0,1218.0,1444.0,174.31,37.38,1.15
147,0,285.39,0.0,285.39,25.0,1541.38,0.0,1541.38,165.0,1251.0,1258.0,1283.0,1448.0,5.81,31.55,1.3
155,1,658.75,0.0,658.75,57.0,2329.89,874.64,2329.89,236.0,1129.0,1156.0,1213.0,1449.0,160.14,49.01,1.45
143,2,585.39,0.0,585.39,62.0,974.45,0.0,974.45,101.0,1268.0,1289.0,1351.0,1452.0,4.31,18.25,1.15
140,0,280.23,0.0,280.23,23.0,1163.49,0.0,1163.49,152.0,1275.0,1280.0,1303.0,1455.0,5.58,31.12,1.4
138,0,380.02,0.0,380.02,23.0,868.89,0.0,868.89,83.0,1338.0,1350.0,1373.0,1456.0,4.15,15.61,1.15
138,0,374.86,0.0,374.86,26.0,1469.07,960.31,1469.07,130.0,1296.0,1307.0,1333.0,1463.0,155.5,25.97,1.3
146,2,679.41,0.0,679.41,73.0,2240.75,960.31,2240.75,265.0,1090.0,1128.0,1201.0,1466.0,138.7,42.74,1.15
141,0,385.19,0.0,385.19,37.0,874.25,0.0,874.25,93.0,1329.0,1337.0,1374.0,1467.0,4.16,17.0,1.15
136,1,385.18,0.0,385.18,31.0,879.83,0.0,879.83,72.0,1347.0,1368.0,1399.0,1471.0,5.08,17.17,1.4
143,1,574.25,874.64,574.25,60.0,1363.52,874.64,1363.52,127.0,1270.0,1288.0,1348.0,1475.0,158.34,28.25,1.45
147,0,663.91,0.0,663.91,62.0,1446.96,0.0,1446.96,156.0,1255.0,1264.0,1326.0,1482.0,6.09,32.3,1.4
162,0,384.98,0.0,384.98,40.0,2130.01,960.31,2130.01,267.0,1165.0,1182.0,1222.0,1489.0,138.53,42.86,1.15
142,0,280.23,0.0,280.23,23.0,385.4,0.0,385.4,54.0,1404.0,1412.0,1435.0,1489.0,4.34,13.74,1.45
137,0,374.66,0.0,374.66,36.0,1472.68,960.31,1472.68,140.0,1301.0,1314.0,1350.0,1490.0,137.57,24.36,1.15
142,1,565.67,0.0,565.67,50.0,1279.82,874.64,1279.82,126.0,1292.0,1315.0,1365.0,1491.0,152.73,26.96,1.4
140,0,674.66,0.0,674.66,59.0,1164.12,960.31,1164.12,91.0,1336.0,1341.0,1400.0,1491.0,137.11,17.15,1.15
136,0,285.19,0.0,285.19,17.0,1279.62,874.64,1279.62,121.0,1345.0,1356.0,1373.0,1494.0,158.19,27.05,1.45
137,0,280.02,0.0,280.02,28.0,1174.24,874.64,1174.24,115.0,1342.0,1351.0,1379.0,1494.0,141.65,23.14,1.3
140,0,474.66,0.0,474.66,37.0,1068.87,960.31,1068.87,101.0,1355.0,1362.0,1399.0,1500.0,166.75,22.38,1.4
141,0,474.66,0.0,474.66,45.0,1068.88,874.64,1068.88,132.0,1318.0,1324.0,1369.0,1501.0,152.35,27.59,1.4
144,2,380.03,874.64,380.03,34.0,2358.12,1218.24,2358.12,240.0,1212.0,1232.0,1266.0,1506.0,219.97,49.76,1.45
162,0,474.45,0.0,474.45,47.0,2930.01,960.31,2930.01,295.0,1149.0,1165.0,1212.0,1507.0,170.08,58.31,1.4
140,0,274.86,0.0,274.86,23.0,1279.82,0.0,1279.82,153.0,1336.0,1343.0,1366.0,1519.0,5.79,31.5,1.4
136,0,474.45,874.64,474.45,46.0,880.03,0.0,880.03,118.0,1347.0,1355.0,1401.0,1519.0,5.08,24.9,1.4
141,0,658.54,0.0,658.54,63.0,1063.11,874.64,1063.11,115.0,1333.0,1341.0,1404.0,1519.0,141.46,22.96,1.3
155,0,180.23,0.0,180.23,12.0,474.65,0.0,474.65,57.0,1444.0,1455.0,1467.0,1524.0,4.35,13.93,1.4
149,1,479.82,0.0,479.82,57.0,2335.87,874.64,2335.87,235.0,1221.0,1240.0,1297.0,1532.0,160.15,48.85,1.45
141,0,474.45,0.0,474.45,47.0,1352.18,0.0,1352.18,149.0,1333.0,1344.0,1391.0,1540.0,4.87,25.43,1.15
142,0,189.4,0.0,189.4,10.0,2524.64,960.31,2524.64,249.0,1271.0,1283.0,1293.0,1542.0,139.11,40.95,1.15
148,0,674.66,0.0,674.66,55.0,2635.82,1218.24,2635.82,238.0,1247.0,1255.0,1310.0,1548.0,174.87,39.6,1.15
145,0,369.49,0.0,369.49,38.0,1179.6,874.64,1179.6,116.0,1381.0,1396.0,1434.0,1550.0,152.55,25.1,1.4
139,1,584.98,0.0,584.98,67.0,1079.21,874.64,1079.21,125.0,1353.0,1365.0,1432.0,1557.0,157.81,27.38,1.45
143,0,180.23,0.0,180.23,7.0,2246.34,960.31,2246.34,215.0,1325.0,1338.0,1345.0,1560.0,168.86,43.65,1.4
154,0,669.08,0.0,669.08,63.0,485.19,0.0,485.19,52.0,1437.0,1453.0,1516.0,1568.0,4.37,13.11,1.4
149,0,585.2,0.0,585.2,49.0,1068.45,960.31,1068.45,115.0,1393.0,1405.0,1454.0,1569.0,136.97,20.32,1.15
143,1,479.62,0.0,479.62,63.0,569.29,0.0,569.29,56.0,1417.0,1450.0,1513.0,1569.0,3.71,11.44,1.15
142,0,569.29,0.0,569.29,51.0,2058.14,1218.24,2058.14,189.0,1322.0,1331.0,1382.0,1571.0,174.02,31.99,1.15
140,0,474.86,0.0,474.86,38.0,2147.06,0.0,2147.06,223.0,1300.0,1311.0,1349.0,1572.0,7.35,44.81,1.4
156,0,374.86,0.0,374.86,29.0,763.52,0.0,763.52,88.0,1446.0,1456.0,1485.0,1573.0,4.0,16.14,1.15
154,0,374.86,0.0,374.86,32.0,785.39,960.31,785.39,72.0,1458.0,1469.0,1501.0,1573.0,136.55,13.97,1.15
144,1,369.49,0.0,369.49,36.0,569.29,0.0,569.29,109.0,1415.0,1429.0,1465.0,1574.0,4.68,23.65,1.45
146,0,374.86,0.0,374.86,31.0,1574.65,960.31,1574.65,132.0,1397.0,1413.0,1444.0,1576.0,167.65,28.5,1.4
139,0,374.65,0.0,374.65,42.0,1767.1,874.64,1767.1,214.0,1311.0,1321.0,1363.0,1577.0,142.63,39.57,1.3
144,1,564.12,0.0,564.12,54.0,963.91,0.0,963.91,104.0,1403.0,1426.0,1480.0,1584.0,5.23,22.7,1.4
136,0,469.49,0.0,469.49,39.0,1869.08,0.0,1869.08,197.0,1345.0,1354.0,1393.0,1590.0,6.85,39.95,1.4
141,0,569.28,0.0,569.28,50.0,2328.22,960.31,2328.22,235.0,1294.0,1306.0,1356.0,1591.0,169.0,47.15,1.4
155,1,180.23,0.0,180.23,13.0,674.45,0.0,674.45,69.0,1489.0,1510.0,1523.0,1592.0,4.71,16.3,1.4
155,0,564.12,0.0,564.12,51.0,863.72,874.64,863.72,88.0,1448.0,1456.0,1507.0,1595.0,157.41,20.54,1.45
153,0,579.62,0.0,579.62,54.0,669.29,0.0,669.29,72.0,1455.0,1471.0,1525.0,1597.0,4.7,16.8,1.4
141,0,564.12,0.0,564.12,57.0,1746.55,960.31,1746.55,167.0,1369.0,1374.0,1431.0,1598.0,137.97,28.49,1.15
146,0,374.86,0.0,374.86,24.0,1741.04,874.64,1741.04,177.0,1386.0,1400.0,1424.0,1601.0,159.04,37.65,1.45
155,0,285.19,0.0,285.19,20.0,1352.12,0.0,1352.12,149.0,1431.0,1436.0,1456.0,1605.0,5.5,28.74,1.3
142,0,280.23,0.0,280.23,23.0,1169.49,0.0,1169.49,151.0,1418.0,1435.0,1458.0,1609.0,5.2,28.75,1.3
144,0,469.29,0.0,469.29,45.0,1568.55,960.31,1568.55,148.0,1403.0,1416.0,1461.0,1609.0,167.64,31.17,1.4
135,1,569.28,0.0,569.28,58.0,2052.17,874.64,2052.17,189.0,1347.0,1363.0,1421.0,1610.0,159.62,40.32,1.45
157,0,276.41,0.0,276.41,19.0,1278.25,874.64,1278.25,110.0,1472.0,1482.0,1501.0,1611.0,158.18,25.14,1.45
156,0,385.18,0.0,385.18,26.0,1479.82,960.31,1479.82,110.0,1464.0,1479.0,1505.0,1615.0,137.58,20.23,1.15
155,0,685.6,0.0,685.6,69.0,868.68,0.0,868.68,91.0,1448.0,1455.0,1524.0,1615.0,4.15,16.71,1.15
154,0,474.86,874.64,474.86,42.0,1074.66,874.64,1074.66,103.0,1465.0,1472.0,1514.0,1617.0,157.81,23.54,1.45
144,0,564.12,0.0,564.12,53.0,1552.58,874.64,1552.58,148.0,1401.0,1417.0,1470.0,1618.0,153.22,31.15,1.4
150,1,374.66,0.0,374.66,42.0,2335.81,960.31,2335.81,318.0,1249.0,1264.0,1306.0,1624.0,138.84,50.2,1.15
141,0,563.91,0.0,563.91,62.0,1368.27,874.64,1368.27,151.0,1405.0,1413.0,1475.0,1626.0,158.35,32.44,1.45
142,0,379.82,0.0,379.82,41.0,1551.97,874.64,1551.97,205.0,1378.0,1387.0,1428.0,1633.0,158.69,42.18,1.45
143,0,380.02,0.0,380.02,29.0,1941.22,874.64,1941.22,272.0,1325.0,1337.0,1366.0,1638.0,153.92,52.67,1.4
155,0,779.62,0.0,779.62,57.0,969.29,0.0,969.29,80.0,1489.0,1505.0,1562.0,1642.0,4.3,15.34,1.15
145,0,285.39,0.0,285.39,21.0,1752.12,0.0,1752.12,208.0,1412.0,1417.0,1438.0,1646.0,6.64,41.58,1.4
150,0,380.23,0.0,380.23,29.0,969.49,0.0,969.49,86.0,1525.0,1532.0,1561.0,1647.0,4.3,16.17,1.15
58,0,583.61,0.0,583.61,46.0,586.33,0.0,586.33,1055.0,536.0,550.0,596.0,1651.0,4.71,188.28,1.45
160,0,480.23,0.0,480.23,30.0,1563.18,960.31,1563.18,136.0,1476.0,1488.0,1518.0,1654.0,137.7,23.94,1.15
147,0,374.66,960.31,374.66,36.0,2052.38,874.64,2052.38,213.0,1395.0,1410.0,1446.0,1659.0,143.11,39.89,1.3
148,0,769.28,0.0,769.28,46.0,685.4,0.0,685.4,47.0,1558.0,1567.0,1613.0,1660.0,4.39,11.72,1.3
149,0,663.91,0.0,663.91,52.0,1752.12,960.31,1752.12,202.0,1393.0,1407.0,1459.0,1661.0,137.98,33.33,1.15
145,1,1058.15,0.0,1058.15,104.0,1463.91,960.31,1463.91,131.0,1399.0,1428.0,1532.0,1663.0,137.55,23.11,1.15
153,0,385.19,0.0,385.19,39.0,1557.95,874.64,1557.95,157.0,1455.0,1469.0,1508.0,1665.0,158.7,33.83,1.45
148,0,381.78,0.0,381.78,29.0,978.24,0.0,978.24,107.0,1526.0,1532.0,1561.0,1668.0,5.25,23.23,1.4
140,0,669.08,0.0,669.08,81.0,2230.43,960.31,2230.43,275.0,1300.0,1314.0,1395.0,1670.0,168.83,53.7,1.4
147,0,573.28,0.0,573.28,59.0,486.94,0.0,486.94,49.0,1553.0,1566.0,1625.0,1674.0,4.53,13.05,1.45
155,0,185.39,0.0,185.39,10.0,1468.68,874.64,1468.68,164.0,1489.0,1501.0,1511.0,1675.0,142.14,31.28,1.3
153,0,778.04,0.0,778.04,81.0,1475.6,960.31,1475.6,154.0,1435.0,1440.0,1521.0,1675.0,137.57,26.3,1.15
152,0,185.39,0.0,185.39,9.0,1941.24,874.64,1941.24,202.0,1456.0,1467.0,1476.0,1678.0,159.41,42.38,1.45
150,0,385.19,0.0,385.19,30.0,1341.59,0.0,1341.59,129.0,1513.0,1521.0,1551.0,1680.0,5.48,25.61,1.3
149,0,563.92,0.0,563.92,55.0,2224.64,960.31,2224.64,225.0,1391.0,1406.0,1461.0,1686.0,138.67,37.2,1.15
148,0,563.92,0.0,563.92,46.0,469.49,0.0,469.49,47.0,1586.0,1595.0,1641.0,1688.0,4.03,11.36,1.3
134,1,563.92,0.0,563.92,54.0,2363.28,1218.24,2363.28,254.0,1349.0,1381.0,1435.0,1689.0,174.47,41.41,1.15
145,0,664.12,0.0,664.12,69.0,679.62,0.0,679.62,69.0,1537.0,1553.0,1622.0,1691.0,4.89,16.89,1.45
152,0,484.98,0.0,484.98,61.0,874.45,874.64,874.45,120.0,1510.0,1517.0,1578.0,1698.0,152.01,25.23,1.4
155,1,280.23,0.0,280.23,19.0,1547.17,0.0,1547.17,167.0,1489.0,1515.0,1534.0,1701.0,6.27,34.33,1.4
160,0,664.12,0.0,664.12,55.0,1885.2,1218.24,1885.2,158.0,1476.0,1492.0,1547.0,1705.0,219.1,34.62,1.45
150,0,564.12,0.0,564.12,70.0,1063.91,874.64,1063.91,106.0,1513.0,1529.0,1599.0,1705.0,157.79,24.04,1.45
154,0,379.82,0.0,379.82,32.0,1750.54,0.0,1750.54,230.0,1433.0,1446.0,1478.0,1708.0,6.64,45.28,1.4
148,0,180.23,0.0,180.23,11.0,869.08,960.31,869.08,83.0,1597.0,1614.0,1625.0,1708.0,136.68,15.61,1.15
131,0,384.98,874.64,384.98,41.0,863.72,0.0,863.72,674.0,978.0,994.0,1035.0,1709.0,5.23,122.5,1.45
151,0,574.66,0.0,574.66,49.0,1174.45,0.0,1174.45,133.0,1520.0,1529.0,1578.0,1711.0,5.6,27.95,1.4
164,0,180.23,0.0,180.23,462.0,479.63,960.31,479.63,54.0,1191.0,1197.0,1659.0,1713.0,153.86,12.47,1.3
145,0,185.39,0.0,185.39,11.0,663.92,0.0,663.92,296.0,1399.0,1413.0,1424.0,1720.0,4.86,56.36,1.45
145,0,574.65,0.0,574.65,56.0,374.66,0.0,374.66,42.0,1607.0,1622.0,1678.0,1720.0,3.87,10.43,1.3
144,0,469.29,0.0,469.29,45.0,1384.99,960.31,1384.99,126.0,1538.0,1552.0,1597.0,1723.0,137.44,22.3,1.15
126,0,285.6,0.0,285.6,20.0,1168.66,960.31,1168.66,910.0,782.0,794.0,814.0,1724.0,155.0,147.15,1.3
149,1,280.03,0.0,280.03,21.0,868.87,874.64,868.87,97.0,1594.0,1608.0,1629.0,1726.0,157.42,22.12,1.45
148,0,563.92,874.64,563.92,58.0,1379.82,1218.24,1379.82,129.0,1528.0,1545.0,1603.0,1732.0,218.16,28.63,1.45
150,0,374.65,0.0,374.65,26.0,1057.7,960.31,1057.7,107.0,1584.0,1599.0,1625.0,1732.0,136.95,19.2,1.15
139,1,569.29,0.0,569.29,54.0,680.03,0.0,680.03,630.0,1036.0,1052.0,1106.0,1736.0,4.89,114.51,1.45
138,0,663.72,0.0,663.72,62.0,2752.57,1218.24,2752.57,618.0,1040.0,1056.0,1118.0,1736.0,175.04,92.21,1.15
145,0,679.82,960.31,679.82,94.0,774.35,0.0,774.35,76.0,1561.0,1569.0,1663.0,1739.0,4.54,16.39,1.3
88,0,280.02,0.0,280.02,20.0,1574.45,874.64,1574.45,1021.0,691.0,700.0,720.0,1741.0,153.26,177.85,1.4
151,0,369.49,0.0,369.49,29.0,1269.28,874.64,1269.28,122.0,1575.0,1590.0,1619.0,1741.0,152.71,26.27,1.4
160,0,563.92,0.0,563.92,59.0,1657.29,960.31,1657.29,196.0,1476.0,1487.0,1546.0,1742.0,167.8,39.4,1.4
147,0,185.6,0.0,185.6,8.0,1551.55,874.64,1551.55,178.0,1550.0,1557.0,1565.0,1743.0,153.22,36.18,1.4
153,0,484.99,0.0,484.99,52.0,674.65,0.0,674.65,236.0,1449.0,1461.0,1513.0,1749.0,4.88,45.94,1.45
136,0,285.19,0.0,285.19,626.0,674.86,0.0,674.86,77.0,1047.0,1055.0,1681.0,1758.0,4.37,16.38,1.3
147,0,379.82,0.0,379.82,35.0,1662.88,960.31,1662.88,461.0,1255.0,1263.0,1298.0,1759.0,155.82,77.93,1.3
155,0,474.65,0.0,474.65,48.0,2146.2,874.64,2146.2,208.0,1489.0,1506.0,1554.0,1762.0,159.8,43.8,1.45
140,0,374.65,0.0,374.65,31.0,979.82,0.0,979.82,104.0,1624.0,1629.0,1660.0,1764.0,4.32,18.67,1.15
146,0,574.24,0.0,574.24,51.0,2996.95,960.31,2996.95,319.0,1383.0,1396.0,1447.0,1766.0,139.81,51.31,1.15
144,0,569.29,0.0,569.29,66.0,1252.75,874.64,1252.75,133.0,1565.0,1572.0,1638.0,1771.0,158.14,29.09,1.45
146,0,185.6,0.0,185.6,88.0,1351.98,874.64,1351.98,141.0,1537.0,1544.0,1632.0,1773.0,158.32,30.67,1.45
142,0,385.19,0.0,385.19,38.0,958.12,0.0,958.12,112.0,1617.0,1627.0,1665.0,1777.0,5.4,24.89,1.45
146,0,469.49,0.0,469.49,47.0,1078.45,874.64,1078.45,104.0,1610.0,1626.0,1673.0,1777.0,152.37,22.9,1.4
139,0,180.23,0.0,180.23,854.0,669.07,0.0,669.07,78.0,849.0,855.0,1709.0,1787.0,4.87,18.44,1.45
156,0,484.99,0.0,484.99,64.0,2235.38,960.31,2235.38,242.0,1479.0,1489.0,1553.0,1795.0,168.84,48.16,1.4
141,0,484.99,0.0,484.99,45.0,979.82,874.64,979.82,90.0,1653.0,1665.0,1710.0,1800.0,152.19,20.38,1.4
153,0,384.99,0.0,384.99,67.0,185.39,0.0,185.39,29.0,1690.0,1705.0,1772.0,1801.0,3.97,9.02,1.45
74,1,285.4,0.0,285.4,964.0,1651.97,874.64,1651.97,167.0,655.0,675.0,1639.0,1806.0,158.88,35.75,1.45
145,0,563.92,0.0,563.92,51.0,2146.56,960.31,2146.56,218.0,1531.0,1538.0,1589.0,1807.0,138.56,36.12,1.15
148,0,474.66,0.0,474.66,41.0,1735.87,0.0,1735.87,164.0,1597.0,1603.0,1644.0,1808.0,5.43,28.06,1.15
141,0,185.6,0.0,185.6,17.0,1152.54,0.0,1152.54,142.0,1643.0,1650.0,1667.0,1809.0,5.57,29.42,1.4
151,0,384.98,0.0,384.98,34.0,2435.59,960.31,2435.59,253.0,1512.0,1525.0,1559.0,1812.0,169.2,50.37,1.4
150,0,564.12,0.0,564.12,57.0,374.65,0.0,374.65,40.0,1704.0,1719.0,1776.0,1816.0,3.87,10.11,1.3
146,0,484.98,874.64,484.98,42.0,1074.03,874.64,1074.03,101.0,1666.0,1677.0,1719.0,1820.0,157.81,23.19,1.45
125,0,479.82,0.0,479.82,822.0,1757.75,874.64,1757.75,179.0,810.0,825.0,1647.0,1826.0,159.07,38.03,1.45
147,0,185.4,0.0,185.4,12.0,1546.4,874.64,1546.4,220.0,1590.0,1595.0,1607.0,1827.0,158.68,44.78,1.45
154,0,180.23,0.0,180.23,9.0,674.45,0.0,674.45,88.0,1715.0,1730.0,1739.0,1827.0,4.37,18.1,1.3
148,0,574.65,0.0,574.65,50.0,2646.77,1218.24,2646.77,262.0,1501.0,1517.0,1567.0,1829.0,174.89,42.93,1.15
157,0,185.6,0.0,185.6,16.0,574.44,0.0,574.44,67.0,1733.0,1746.0,1762.0,1829.0,4.69,16.35,1.45
139,0,379.81,0.0,379.81,50.0,1463.91,960.31,1463.91,130.0,1641.0,1656.0,1706.0,1836.0,167.45,27.96,1.4
147,0,469.29,0.0,469.29,49.0,1857.73,874.64,1857.73,230.0,1550.0,1560.0,1609.0,1839.0,142.78,42.22,1.3
148,0,474.86,960.31,474.86,44.0,2251.61,960.31,2251.61,262.0,1528.0,1535.0,1579.0,1841.0,138.71,42.35,1.15
149,0,369.49,0.0,369.49,38.0,963.49,0.0,963.49,107.0,1684.0,1696.0,1734.0,1841.0,5.23,23.2,1.4
145,1,379.82,0.0,379.82,142.0,678.44,0.0,678.44,80.0,1609.0,1625.0,1767.0,1847.0,4.88,18.8,1.45
150,0,185.6,0.0,185.6,8.0,2042.79,0.0,2042.79,247.0,1584.0,1594.0,1602.0,1849.0,7.16,48.66,1.4
154,0,474.65,0.0,474.65,46.0,3124.25,1218.24,3124.25,357.0,1438.0,1447.0,1493.0,1850.0,175.59,56.74,1.15
151,0,385.19,0.0,385.19,42.0,969.08,0.0,969.08,109.0,1683.0,1699.0,1741.0,1850.0,4.3,19.34,1.15
165,0,285.39,0.0,285.39,19.0,484.99,0.0,484.99,53.0,1771.0,1781.0,1800.0,1853.0,3.59,10.9,1.15
143,0,658.75,0.0,658.75,60.0,1163.28,874.64,1163.28,133.0,1659.0,1669.0,1729.0,1862.0,157.97,28.93,1.45
149,0,564.12,0.0,564.12,56.0,957.95,0.0,957.95,124.0,1673.0,1682.0,1738.0,1862.0,5.4,26.98,1.45
147,0,563.91,0.0,563.91,125.0,1174.66,874.64,1174.66,115.0,1606.0,1622.0,1747.0,1862.0,157.99,25.82,1.45
153,0,484.99,0.0,484.99,71.0,769.29,874.64,769.29,90.0,1692.0,1708.0,1779.0,1869.0,157.24,20.71,1.45
147,0,563.91,0.0,563.91,51.0,2924.43,960.31,2924.43,305.0,1504.0,1515.0,1566.0,1871.0,170.07,59.98,1.4
147,0,663.91,0.0,663.91,66.0,1851.71,960.31,1851.71,197.0,1591.0,1608.0,1674.0,1871.0,156.14,37.06,1.3
145,1,469.28,0.0,469.28,54.0,1184.99,874.64,1184.99,134.0,1662.0,1686.0,1740.0,1874.0,158.01,29.14,1.45
147,0,384.98,0.0,384.98,50.0,1847.01,874.64,1847.01,209.0,1606.0,1616.0,1666.0,1875.0,159.24,43.42,1.45
140,0,663.92,0.0,663.92,69.0,1651.91,0.0,1651.91,177.0,1624.0,1630.0,1699.0,1876.0,6.46,36.2,1.4
162,0,376.21,0.0,376.21,649.0,385.18,0.0,385.18,41.0,1180.0,1188.0,1837.0,1878.0,3.89,10.29,1.3
164,0,469.29,0.0,469.29,43.0,569.28,0.0,569.28,63.0,1771.0,1779.0,1822.0,1885.0,4.2,14.03,1.3
159,0,564.12,0.0,564.12,71.0,774.45,874.64,774.45,86.0,1722.0,1730.0,1801.0,1887.0,157.25,20.03,1.45
148,0,474.65,0.0,474.65,62.0,1651.51,0.0,1651.51,714.0,1107.0,1119.0,1181.0,1895.0,6.46,126.41,1.4
140,0,585.19,0.0,585.19,54.0,1968.45,960.31,1968.45,205.0,1629.0,1638.0,1692.0,1897.0,138.29,34.06,1.15
159,0,674.25,0.0,674.25,57.0,963.49,0.0,963.49,94.0,1736.0,1751.0,1808.0,1902.0,5.23,21.02,1.4
145,0,658.54,0.0,658.54,60.0,1846.81,874.64,1846.81,179.0,1657.0,1667.0,1727.0,1906.0,159.24,38.2,1.45
143,0,385.19,0.0,385.19,781.0,285.6,0.0,285.6,30.0,1085.0,1096.0,1877.0,1907.0,3.73,8.41,1.3
155,0,379.82,0.0,379.82,37.0,1863.28,960.31,1863.28,178.0,1691.0,1698.0,1735.0,1913.0,168.17,36.74,1.4
150,0,369.49,0.0,369.49,34.0,1646.21,874.64,1646.21,165.0,1704.0,1716.0,1750.0,1915.0,158.87,35.39,1.45
159,0,569.28,0.0,569.28,61.0,1279.83,874.64,1279.83,129.0,1722.0,1728.0,1789.0,1918.0,158.19,28.45,1.45
161,0,569.28,0.0,569.28,57.0,1179.82,0.0,1179.82,111.0,1742.0,1756.0,1813.0,1924.0,5.61,24.26,1.4
139,0,484.99,0.0,484.99,45.0,2474.24,1218.24,2474.24,245.0,1633.0,1645.0,1690.0,1935.0,220.19,50.85,1.45
164,0,570.84,0.0,570.84,54.0,1167.52,0.0,1167.52,126.0,1750.0,1755.0,1809.0,1935.0,4.59,21.98,1.15
154,0,479.82,0.0,479.82,50.0,1268.24,960.31,1268.24,149.0,1718.0,1738.0,1788.0,1937.0,137.26,25.3,1.15
145,1,479.61,0.0,479.61,40.0,780.03,960.31,780.03,265.0,1613.0,1633.0,1673.0,1938.0,136.55,40.59,1.15
158,1,569.08,0.0,569.08,55.0,1157.95,0.0,1157.95,124.0,1732.0,1762.0,1817.0,1941.0,4.58,21.69,1.15
154,1,563.92,0.0,563.92,55.0,3596.53,960.31,3596.53,399.0,1465.0,1488.0,1543.0,1942.0,171.28,76.98,1.4
163,0,479.62,0.0,479.62,42.0,1168.25,0.0,1168.25,128.0,1761.0,1775.0,1817.0,1945.0,5.59,27.1,1.4
164,1,485.19,0.0,485.19,42.0,774.44,0.0,774.44,96.0,1786.0,1808.0,1850.0,1946.0,5.06,21.77,1.45
139,1,679.62,0.0,679.62,68.0,1157.91,960.31,1157.91,815.0,1037.0,1065.0,1133.0,1948.0,137.1,117.05,1.15
142,0,569.07,0.0,569.07,56.0,1568.46,960.31,1568.46,999.0,885.0,896.0,952.0,1951.0,155.67,161.7,1.3
142,2,684.98,0.0,684.98,55.0,2235.18,960.31,2235.18,222.0,1652.0,1677.0,1732.0,1954.0,138.69,36.8,1.15
155,0,473.49,0.0,473.49,41.0,2153.68,874.64,2153.68,213.0,1692.0,1702.0,1743.0,1956.0,159.81,44.68,1.45
132,0,285.39,0.0,285.39,21.0,1557.92,960.31,1557.92,943.0,983.0,993.0,1014.0,1957.0,155.65,152.95,1.3
128,0,379.82,0.0,379.82,36.0,2551.72,960.31,2551.72,925.0,990.0,997.0,1033.0,1958.0,169.4,163.47,1.4
162,0,569.08,0.0,569.08,57.0,574.46,874.64,574.46,66.0,1824.0,1840.0,1897.0,1963.0,156.88,16.18,1.45
148,0,374.65,0.0,374.65,33.0,1457.09,960.31,1457.09,824.0,1102.0,1108.0,1141.0,1965.0,137.54,118.73,1.15
163,0,185.6,0.0,185.6,11.0,1774.65,874.64,1774.65,158.0,1789.0,1800.0,1811.0,1969.0,153.62,33.22,1.4
161,0,385.19,0.0,385.19,46.0,879.62,0.0,879.62,93.0,1820.0,1830.0,1876.0,1969.0,5.26,21.44,1.45
163,0,189.4,0.0,189.4,17.0,1647.01,874.64,1647.01,159.0,1784.0,1794.0,1811.0,1970.0,158.87,34.35,1.45
144,0,658.54,0.0,658.54,59.0,1546.75,960.31,1546.75,640.0,1262.0,1275.0,1334.0,1974.0,137.67,93.47,1.15
139,0,473.49,0.0,473.49,46.0,2448.36,1218.24,2448.36,287.0,1634.0,1645.0,1691.0,1978.0,220.14,58.11,1.45
163,0,469.49,0.0,469.49,45.0,769.07,960.31,769.07,137.0,1789.0,1797.0,1842.0,1979.0,136.53,22.91,1.15
160,0,369.49,0.0,369.49,40.0,1769.07,0.0,1769.07,188.0,1737.0,1754.0,1794.0,1982.0,6.67,38.25,1.4
171,0,385.19,0.0,385.19,31.0,858.33,0.0,858.33,82.0,1855.0,1872.0,1903.0,1985.0,4.14,15.45,1.15
171,0,658.75,0.0,658.75,65.0,274.86,0.0,274.86,32.0,1876.0,1888.0,1953.0,1985.0,4.14,9.7,1.45
162,0,486.52,0.0,486.52,52.0,968.48,0.0,968.48,118.0,1795.0,1817.0,1869.0,1987.0,5.42,25.95,1.45
165,1,180.23,0.0,180.23,9.0,1946.4,874.64,1946.4,193.0,1771.0,1788.0,1797.0,1990.0,159.42,40.82,1.45
158,0,663.91,0.0,663.91,56.0,1657.08,960.31,1657.08,194.0,1732.0,1743.0,1799.0,1993.0,137.84,32.09,1.15
168,0,379.82,0.0,379.82,30.0,569.28,0.0,569.28,61.0,1887.0,1903.0,1933.0,1994.0,4.2,13.71,1.3
145,0,374.65,0.0,374.65,412.0,280.02,0.0,280.02,39.0,1531.0,1543.0,1955.0,1994.0,3.72,9.8,1.3
163,0,569.08,0.0,569.08,65.0,665.67,0.0,665.67,81.0,1836.0,1849.0,1914.0,1995.0,4.36,16.99,1.3
139,0,280.03,0.0,280.03,99.0,2651.97,1218.24,2651.97,264.0,1618.0,1633.0,1732.0,1996.0,220.52,54.48,1.45
138,0,564.12,0.0,564.12,43.0,1952.54,960.31,1952.54,907.0,1038.0,1047.0,1090.0,1997.0,138.27,130.92,1.15
150,0,569.08,0.0,569.08,52.0,2046.13,960.31,2046.13,238.0,1698.0,1707.0,1759.0,1997.0,138.41,38.73,1.15
